artifact,sha256,bytes,retention
artifacts/security/bandit/report.json,b3c7a0c8fedc6f22bfa5d0819eade0f0c215ce0f8a29111ec7d5a7760ed38827,154835,local ignored; never publish raw
artifacts/security/codeql/python.sarif,f23d11d0695321333ac22422f0e7ed346d10b0fa58df6ca2e0263338c8aeefe4,416952,local ignored; never publish raw
artifacts/security/semgrep/report.json,9be2b378222aa830dbbd4cbcb6fb112c60bf648336e67fb0c5a8ccbe1ff38c80,42027,local ignored; never publish raw
artifacts/security/pip-audit/runtime.json,ce4f4cef8f87d0d4dd3e7060de845fa3f4a95d10ff84035afdd81f63d3b9644a,1615,local ignored; never publish raw
artifacts/security/pip-audit/build.json,1b949d13bf7929cc4376f500181816161463bad62ab106f5c81f56fe99fcd8d3,4615,local ignored; never publish raw
artifacts/security/trivy/image.json,ad029621b703918a41873c5cafe242cc3409932550c09d5b4b5c52d17d695b5d,1242580,local ignored; never publish raw
artifacts/security/trivy/filesystem.json,b2af04c6a8b5c67e69ebdf5cc0e66b6a1493a9665d29c546aaafc6ad2c4375c8,1427,local ignored; never publish raw
artifacts/security/gitleaks-tree.json,3566d42423922849699b3059e40fffd6090bce3364cb5122bfaa1a4fca17ce64,4278,local ignored; never publish raw
artifacts/security/gitleaks-history.json,9867ce040272546662b7a72c511b333bd32b2dea5903209efb26adc84ccddf0a,724569,local ignored; never publish raw
artifacts/security/trufflehog-tree.raw.jsonl,09e760bc45a5c1483df9a6996fb83b39147c75e110a9a34fb4b1fb76c657f998,739,local ignored; never publish raw
artifacts/security/trufflehog-history.raw.jsonl,dd05580022feabcd8f7b42bb77c2b9e9ac8279d7947b5b043fa785c75a6290fd,1837,local ignored; never publish raw
artifacts/security/web/adversarial.json,9231b959861674d6ac380441f4a037da4368c82528ae2c72d51175c733e0849b,20993,local ignored; never publish raw
artifacts/security/web/session-replay.json,3f82b7dfe995923dfc928aba42e813607b854575932e3850a5b10b654bdb9019,275,local ignored; never publish raw
artifacts/security/web/sanitizer-timing.json,f6ff008aa05ca12a88fad60d48d4036948e8f05287602d1cbfd0b099a244f010,1038,local ignored; never publish raw
artifacts/security/web/query-timing.json,d776e731e2b3ae338dbe551ee5a1d6e8b2702d485a07cff7adc4c0945e1beb5d,197,local ignored; never publish raw
artifacts/security/web/unicode-csrf.json,9ed5045dfa2a00b8ae2e3ef4d8a435aef4900cc6eb7a093cd48620d55b8a780a,366,local ignored; never publish raw
artifacts/security/schemathesis/results.json,c277102fd88647cfbe43c55915a103626cfbc1734e88577765685fce1e81137f,49108,local ignored; never publish raw
artifacts/security/zap/results-redacted.json,37d6472b43129fd54d121df964673ad898877108be8197fac98de59b91336bfa,4917,local ignored; never publish raw
artifacts/security/nuclei/redacted.json,a26eb0617a20171cdcf748a1363bb1518eefa338d1d1446a1399aafcf89aed4f,1661,local ignored; never publish raw
artifacts/security/supabase/pgtap.log,7ab0fbcada2ec9788d954d513755a48060020bbb68674eb8e567db35b36dc4de,1400,local ignored; never publish raw
artifacts/security/supabase/discovery.log,7efc8ba28528eafce3214b1dce0840bebc2e6b591e9307a1fa7648d7eef7b082,3918,local ignored; never publish raw
artifacts/security/supabase/deno.log,d98d04ddfda69405506c83cc28bdd46bf6b4a8060b4f0fdec39af0118d99053c,3218,local ignored; never publish raw
artifacts/security/recovery/cases.json,70e2899869eb008b57a7a73480889740c941e95000c56231a4ede7c998cd66e3,1220,local ignored; never publish raw
artifacts/security/sync/python_focused.xml,0f69e14f5aff2fbc98dcd0aa5a4e7f30f5728baad78655487a6d43fb6d7f51c2,5300,local ignored; never publish raw
artifacts/security/desktop/regressions.xml,ad7e32e282ea55ca21dc04134b037aa51145db4e5514c076d75749154c7ae943,21243,local ignored; never publish raw
artifacts/security/desktop/restore-exceptions.json,fd2b42aa42b479ce57a61bd33c843ac6a6b7487ca8f8e72c53f4ecf12ce8be85,210,local ignored; never publish raw
artifacts/security/desktop/backup-cases.json,be26371d141f4dd7419175f59fedef9504af841780fec9dce08724f94c92bb89,719,local ignored; never publish raw
artifacts/security/webregressions/regressions.xml,4fa4794bf2132c6b0d0266b5a98f247a8faa0dbfbdf177150efc3f84dc79c4d8,18116,local ignored; never publish raw
artifacts/security/nexa/tests.log,e76fe32792bf02d6da0b546eec7bc35101d664cbccefedb70b64bc2578590d17,62568,local ignored; never publish raw
artifacts/security/nexa/semgrep.json,304a17f3e9d0e4e2bd29cdc2bbdb0859bc0d657542123831c679b5549396a1a6,7363,local ignored; never publish raw
artifacts/security/network/tcpvcon-qa.csv,03e86a108974e7907bb0e9329f97e12b64897d16540ffeeefc562a44008cfee1,596,local ignored; never publish raw
