tool,rule,file,line,scanner_severity,triage_group,classification,rationale
Bandit,B105,app/core/config.py,380,LOW,FP-BANDIT-B105,FALSE_POSITIVE,For scanner vulnerability allegation only; contextual review in SECURITY_FINDINGS.md group FP-BANDIT-B105
Bandit,B110,app/main.py,559,LOW,FP-BANDIT-B110,FALSE_POSITIVE,For scanner vulnerability allegation only; contextual review in SECURITY_FINDINGS.md group FP-BANDIT-B110
Bandit,B110,app/main.py,593,LOW,FP-BANDIT-B110,FALSE_POSITIVE,For scanner vulnerability allegation only; contextual review in SECURITY_FINDINGS.md group FP-BANDIT-B110
Bandit,B110,app/main.py,626,LOW,FP-BANDIT-B110,FALSE_POSITIVE,For scanner vulnerability allegation only; contextual review in SECURITY_FINDINGS.md group FP-BANDIT-B110
Bandit,B608,app/migrations.py,754,MEDIUM,FP-BANDIT-B608,FALSE_POSITIVE,For scanner vulnerability allegation only; contextual review in SECURITY_FINDINGS.md group FP-BANDIT-B608
Bandit,B608,app/migrations.py,767,MEDIUM,FP-BANDIT-B608,FALSE_POSITIVE,For scanner vulnerability allegation only; contextual review in SECURITY_FINDINGS.md group FP-BANDIT-B608
Bandit,B608,app/observability/store.py,261,MEDIUM,FP-BANDIT-B608,FALSE_POSITIVE,For scanner vulnerability allegation only; contextual review in SECURITY_FINDINGS.md group FP-BANDIT-B608
Bandit,B608,app/observability/store.py,294,MEDIUM,FP-BANDIT-B608,FALSE_POSITIVE,For scanner vulnerability allegation only; contextual review in SECURITY_FINDINGS.md group FP-BANDIT-B608
Bandit,B110,app/routes/nexa.py,357,LOW,FP-BANDIT-B110,FALSE_POSITIVE,For scanner vulnerability allegation only; contextual review in SECURITY_FINDINGS.md group FP-BANDIT-B110
Bandit,B105,app/services/admin.py,172,LOW,FP-BANDIT-B105,FALSE_POSITIVE,For scanner vulnerability allegation only; contextual review in SECURITY_FINDINGS.md group FP-BANDIT-B105
Bandit,B105,app/services/admin.py,174,LOW,FP-BANDIT-B105,FALSE_POSITIVE,For scanner vulnerability allegation only; contextual review in SECURITY_FINDINGS.md group FP-BANDIT-B105
Bandit,B105,app/services/control_center_adapter.py,43,LOW,FP-BANDIT-B105,FALSE_POSITIVE,For scanner vulnerability allegation only; contextual review in SECURITY_FINDINGS.md group FP-BANDIT-B105
Bandit,B110,app/services/erp_diagnostics.py,285,LOW,FP-BANDIT-B110,FALSE_POSITIVE,For scanner vulnerability allegation only; contextual review in SECURITY_FINDINGS.md group FP-BANDIT-B110
Bandit,B110,app/services/nexa_adapter.py,135,LOW,FP-BANDIT-B110,FALSE_POSITIVE,For scanner vulnerability allegation only; contextual review in SECURITY_FINDINGS.md group FP-BANDIT-B110
Bandit,B311,app/services/sync_engine.py,33,LOW,FP-BANDIT-B311,FALSE_POSITIVE,For scanner vulnerability allegation only; contextual review in SECURITY_FINDINGS.md group FP-BANDIT-B311
Bandit,B110,app/services/sync_engine.py,53,LOW,FP-BANDIT-B110,FALSE_POSITIVE,For scanner vulnerability allegation only; contextual review in SECURITY_FINDINGS.md group FP-BANDIT-B110
Bandit,B110,app/services/sync_engine.py,125,LOW,FP-BANDIT-B110,FALSE_POSITIVE,For scanner vulnerability allegation only; contextual review in SECURITY_FINDINGS.md group FP-BANDIT-B110
Bandit,B110,app/services/sync_remote.py,85,LOW,FP-BANDIT-B110,FALSE_POSITIVE,For scanner vulnerability allegation only; contextual review in SECURITY_FINDINGS.md group FP-BANDIT-B110
Bandit,B101,app/services/system_maintenance.py,798,LOW,FP-BANDIT-B101,FALSE_POSITIVE,For scanner vulnerability allegation only; contextual review in SECURITY_FINDINGS.md group FP-BANDIT-B101
Bandit,B104,control_center/config.py,259,MEDIUM,FP-BANDIT-B104,FALSE_POSITIVE,For scanner vulnerability allegation only; contextual review in SECURITY_FINDINGS.md group FP-BANDIT-B104
Bandit,B104,control_center/config.py,262,MEDIUM,FP-BANDIT-B104,FALSE_POSITIVE,For scanner vulnerability allegation only; contextual review in SECURITY_FINDINGS.md group FP-BANDIT-B104
Bandit,B105,control_center/config.py,303,LOW,FP-BANDIT-B105,FALSE_POSITIVE,For scanner vulnerability allegation only; contextual review in SECURITY_FINDINGS.md group FP-BANDIT-B105
Bandit,B608,control_center/local_repository.py,1286,MEDIUM,FP-BANDIT-B608,FALSE_POSITIVE,For scanner vulnerability allegation only; contextual review in SECURITY_FINDINGS.md group FP-BANDIT-B608
Bandit,B608,control_center/local_repository.py,1396,MEDIUM,FP-BANDIT-B608,FALSE_POSITIVE,For scanner vulnerability allegation only; contextual review in SECURITY_FINDINGS.md group FP-BANDIT-B608
Bandit,B608,control_center/local_repository.py,1567,MEDIUM,FP-BANDIT-B608,FALSE_POSITIVE,For scanner vulnerability allegation only; contextual review in SECURITY_FINDINGS.md group FP-BANDIT-B608
Bandit,B608,control_center/local_repository.py,1601,MEDIUM,FP-BANDIT-B608,FALSE_POSITIVE,For scanner vulnerability allegation only; contextual review in SECURITY_FINDINGS.md group FP-BANDIT-B608
Bandit,B608,control_center/local_repository.py,1936,MEDIUM,FP-BANDIT-B608,FALSE_POSITIVE,For scanner vulnerability allegation only; contextual review in SECURITY_FINDINGS.md group FP-BANDIT-B608
Bandit,B608,control_center/local_repository.py,2481,MEDIUM,FP-BANDIT-B608,FALSE_POSITIVE,For scanner vulnerability allegation only; contextual review in SECURITY_FINDINGS.md group FP-BANDIT-B608
Bandit,B608,control_center/local_repository.py,2762,MEDIUM,FP-BANDIT-B608,FALSE_POSITIVE,For scanner vulnerability allegation only; contextual review in SECURITY_FINDINGS.md group FP-BANDIT-B608
Bandit,B608,control_center/local_repository.py,3031,MEDIUM,FP-BANDIT-B608,FALSE_POSITIVE,For scanner vulnerability allegation only; contextual review in SECURITY_FINDINGS.md group FP-BANDIT-B608
Bandit,B608,control_center/local_repository.py,3083,MEDIUM,FP-BANDIT-B608,FALSE_POSITIVE,For scanner vulnerability allegation only; contextual review in SECURITY_FINDINGS.md group FP-BANDIT-B608
Bandit,B608,control_center/local_repository.py,3099,MEDIUM,FP-BANDIT-B608,FALSE_POSITIVE,For scanner vulnerability allegation only; contextual review in SECURITY_FINDINGS.md group FP-BANDIT-B608
Bandit,B608,control_center/local_repository.py,3326,MEDIUM,FP-BANDIT-B608,FALSE_POSITIVE,For scanner vulnerability allegation only; contextual review in SECURITY_FINDINGS.md group FP-BANDIT-B608
Bandit,B608,control_center/local_repository.py,3332,MEDIUM,FP-BANDIT-B608,FALSE_POSITIVE,For scanner vulnerability allegation only; contextual review in SECURITY_FINDINGS.md group FP-BANDIT-B608
Bandit,B608,control_center/local_repository.py,3429,MEDIUM,FP-BANDIT-B608,FALSE_POSITIVE,For scanner vulnerability allegation only; contextual review in SECURITY_FINDINGS.md group FP-BANDIT-B608
Bandit,B608,control_center/local_repository.py,3712,MEDIUM,FP-BANDIT-B608,FALSE_POSITIVE,For scanner vulnerability allegation only; contextual review in SECURITY_FINDINGS.md group FP-BANDIT-B608
Bandit,B311,control_center/qa.py,549,LOW,FP-BANDIT-B311,FALSE_POSITIVE,For scanner vulnerability allegation only; contextual review in SECURITY_FINDINGS.md group FP-BANDIT-B311
Bandit,B105,control_center/seed.py,285,LOW,FP-BANDIT-B105,FALSE_POSITIVE,For scanner vulnerability allegation only; contextual review in SECURITY_FINDINGS.md group FP-BANDIT-B105
Bandit,B110,control_center/web.py,603,LOW,FP-BANDIT-B110,FALSE_POSITIVE,For scanner vulnerability allegation only; contextual review in SECURITY_FINDINGS.md group FP-BANDIT-B110
Bandit,B608,scripts/create_prod_database.py,189,MEDIUM,FP-BANDIT-B608,FALSE_POSITIVE,For scanner vulnerability allegation only; contextual review in SECURITY_FINDINGS.md group FP-BANDIT-B608
Bandit,B404,scripts/desktop_validation.py,10,LOW,FP-BANDIT-B404,FALSE_POSITIVE,For scanner vulnerability allegation only; contextual review in SECURITY_FINDINGS.md group FP-BANDIT-B404
Bandit,B106,scripts/desktop_validation.py,73,LOW,FP-BANDIT-B106,FALSE_POSITIVE,For scanner vulnerability allegation only; contextual review in SECURITY_FINDINGS.md group FP-BANDIT-B106
Bandit,B101,scripts/desktop_validation.py,127,LOW,FP-BANDIT-B101,FALSE_POSITIVE,For scanner vulnerability allegation only; contextual review in SECURITY_FINDINGS.md group FP-BANDIT-B101
Bandit,B101,scripts/desktop_validation.py,166,LOW,FP-BANDIT-B101,FALSE_POSITIVE,For scanner vulnerability allegation only; contextual review in SECURITY_FINDINGS.md group FP-BANDIT-B101
Bandit,B106,scripts/desktop_validation.py,168,LOW,FP-BANDIT-B106,FALSE_POSITIVE,For scanner vulnerability allegation only; contextual review in SECURITY_FINDINGS.md group FP-BANDIT-B106
Bandit,B603,scripts/desktop_validation.py,170,LOW,FP-BANDIT-B603,FALSE_POSITIVE,For scanner vulnerability allegation only; contextual review in SECURITY_FINDINGS.md group FP-BANDIT-B603
Bandit,B603,scripts/desktop_validation.py,184,LOW,FP-BANDIT-B603,FALSE_POSITIVE,For scanner vulnerability allegation only; contextual review in SECURITY_FINDINGS.md group FP-BANDIT-B603
Bandit,B101,scripts/desktop_validation.py,188,LOW,FP-BANDIT-B101,FALSE_POSITIVE,For scanner vulnerability allegation only; contextual review in SECURITY_FINDINGS.md group FP-BANDIT-B101
Bandit,B101,scripts/desktop_validation.py,190,LOW,FP-BANDIT-B101,FALSE_POSITIVE,For scanner vulnerability allegation only; contextual review in SECURITY_FINDINGS.md group FP-BANDIT-B101
Bandit,B101,scripts/desktop_validation.py,200,LOW,FP-BANDIT-B101,FALSE_POSITIVE,For scanner vulnerability allegation only; contextual review in SECURITY_FINDINGS.md group FP-BANDIT-B101
Bandit,B101,scripts/desktop_validation.py,201,LOW,FP-BANDIT-B101,FALSE_POSITIVE,For scanner vulnerability allegation only; contextual review in SECURITY_FINDINGS.md group FP-BANDIT-B101
Bandit,B101,scripts/desktop_validation.py,202,LOW,FP-BANDIT-B101,FALSE_POSITIVE,For scanner vulnerability allegation only; contextual review in SECURITY_FINDINGS.md group FP-BANDIT-B101
Bandit,B101,scripts/desktop_validation.py,203,LOW,FP-BANDIT-B101,FALSE_POSITIVE,For scanner vulnerability allegation only; contextual review in SECURITY_FINDINGS.md group FP-BANDIT-B101
Bandit,B101,scripts/desktop_validation.py,210,LOW,FP-BANDIT-B101,FALSE_POSITIVE,For scanner vulnerability allegation only; contextual review in SECURITY_FINDINGS.md group FP-BANDIT-B101
Bandit,B603,scripts/desktop_validation.py,211,LOW,FP-BANDIT-B603,FALSE_POSITIVE,For scanner vulnerability allegation only; contextual review in SECURITY_FINDINGS.md group FP-BANDIT-B603
Bandit,B101,scripts/desktop_validation.py,228,LOW,FP-BANDIT-B101,FALSE_POSITIVE,For scanner vulnerability allegation only; contextual review in SECURITY_FINDINGS.md group FP-BANDIT-B101
Bandit,B101,scripts/desktop_validation.py,264,LOW,FP-BANDIT-B101,FALSE_POSITIVE,For scanner vulnerability allegation only; contextual review in SECURITY_FINDINGS.md group FP-BANDIT-B101
Bandit,B105,scripts/desktop_validation_child.py,23,LOW,FP-BANDIT-B105,FALSE_POSITIVE,For scanner vulnerability allegation only; contextual review in SECURITY_FINDINGS.md group FP-BANDIT-B105
Bandit,B105,scripts/desktop_validation_child.py,24,LOW,FP-BANDIT-B105,FALSE_POSITIVE,For scanner vulnerability allegation only; contextual review in SECURITY_FINDINGS.md group FP-BANDIT-B105
Bandit,B101,scripts/desktop_validation_child.py,119,LOW,FP-BANDIT-B101,FALSE_POSITIVE,For scanner vulnerability allegation only; contextual review in SECURITY_FINDINGS.md group FP-BANDIT-B101
Bandit,B101,scripts/desktop_validation_child.py,129,LOW,FP-BANDIT-B101,FALSE_POSITIVE,For scanner vulnerability allegation only; contextual review in SECURITY_FINDINGS.md group FP-BANDIT-B101
Bandit,B101,scripts/desktop_validation_child.py,133,LOW,FP-BANDIT-B101,FALSE_POSITIVE,For scanner vulnerability allegation only; contextual review in SECURITY_FINDINGS.md group FP-BANDIT-B101
Bandit,B101,scripts/desktop_validation_child.py,147,LOW,FP-BANDIT-B101,FALSE_POSITIVE,For scanner vulnerability allegation only; contextual review in SECURITY_FINDINGS.md group FP-BANDIT-B101
Bandit,B101,scripts/desktop_validation_child.py,148,LOW,FP-BANDIT-B101,FALSE_POSITIVE,For scanner vulnerability allegation only; contextual review in SECURITY_FINDINGS.md group FP-BANDIT-B101
Bandit,B101,scripts/desktop_validation_child.py,149,LOW,FP-BANDIT-B101,FALSE_POSITIVE,For scanner vulnerability allegation only; contextual review in SECURITY_FINDINGS.md group FP-BANDIT-B101
Bandit,B101,scripts/desktop_validation_child.py,160,LOW,FP-BANDIT-B101,FALSE_POSITIVE,For scanner vulnerability allegation only; contextual review in SECURITY_FINDINGS.md group FP-BANDIT-B101
Bandit,B101,scripts/desktop_validation_child.py,161,LOW,FP-BANDIT-B101,FALSE_POSITIVE,For scanner vulnerability allegation only; contextual review in SECURITY_FINDINGS.md group FP-BANDIT-B101
Bandit,B101,scripts/desktop_validation_child.py,169,LOW,FP-BANDIT-B101,FALSE_POSITIVE,For scanner vulnerability allegation only; contextual review in SECURITY_FINDINGS.md group FP-BANDIT-B101
Bandit,B101,scripts/desktop_validation_child.py,170,LOW,FP-BANDIT-B101,FALSE_POSITIVE,For scanner vulnerability allegation only; contextual review in SECURITY_FINDINGS.md group FP-BANDIT-B101
Bandit,B101,scripts/desktop_validation_child.py,188,LOW,FP-BANDIT-B101,FALSE_POSITIVE,For scanner vulnerability allegation only; contextual review in SECURITY_FINDINGS.md group FP-BANDIT-B101
Bandit,B101,scripts/desktop_validation_child.py,189,LOW,FP-BANDIT-B101,FALSE_POSITIVE,For scanner vulnerability allegation only; contextual review in SECURITY_FINDINGS.md group FP-BANDIT-B101
Bandit,B101,scripts/desktop_validation_child.py,190,LOW,FP-BANDIT-B101,FALSE_POSITIVE,For scanner vulnerability allegation only; contextual review in SECURITY_FINDINGS.md group FP-BANDIT-B101
Bandit,B101,scripts/desktop_validation_child.py,196,LOW,FP-BANDIT-B101,FALSE_POSITIVE,For scanner vulnerability allegation only; contextual review in SECURITY_FINDINGS.md group FP-BANDIT-B101
Bandit,B101,scripts/desktop_validation_child.py,214,LOW,FP-BANDIT-B101,FALSE_POSITIVE,For scanner vulnerability allegation only; contextual review in SECURITY_FINDINGS.md group FP-BANDIT-B101
Bandit,B101,scripts/desktop_validation_child.py,215,LOW,FP-BANDIT-B101,FALSE_POSITIVE,For scanner vulnerability allegation only; contextual review in SECURITY_FINDINGS.md group FP-BANDIT-B101
Bandit,B404,scripts/erp_doctor.py,15,LOW,FP-BANDIT-B404,FALSE_POSITIVE,For scanner vulnerability allegation only; contextual review in SECURITY_FINDINGS.md group FP-BANDIT-B404
Bandit,B608,scripts/erp_doctor.py,519,MEDIUM,FP-BANDIT-B608,FALSE_POSITIVE,For scanner vulnerability allegation only; contextual review in SECURITY_FINDINGS.md group FP-BANDIT-B608
Bandit,B608,scripts/erp_doctor.py,525,MEDIUM,FP-BANDIT-B608,FALSE_POSITIVE,For scanner vulnerability allegation only; contextual review in SECURITY_FINDINGS.md group FP-BANDIT-B608
Bandit,B608,scripts/erp_doctor.py,529,MEDIUM,FP-BANDIT-B608,FALSE_POSITIVE,For scanner vulnerability allegation only; contextual review in SECURITY_FINDINGS.md group FP-BANDIT-B608
Bandit,B608,scripts/erp_doctor.py,532,MEDIUM,FP-BANDIT-B608,FALSE_POSITIVE,For scanner vulnerability allegation only; contextual review in SECURITY_FINDINGS.md group FP-BANDIT-B608
Bandit,B608,scripts/erp_doctor.py,535,MEDIUM,FP-BANDIT-B608,FALSE_POSITIVE,For scanner vulnerability allegation only; contextual review in SECURITY_FINDINGS.md group FP-BANDIT-B608
Bandit,B608,scripts/erp_doctor.py,542,MEDIUM,FP-BANDIT-B608,FALSE_POSITIVE,For scanner vulnerability allegation only; contextual review in SECURITY_FINDINGS.md group FP-BANDIT-B608
Bandit,B607,scripts/erp_doctor.py,673,LOW,FP-BANDIT-B607,FALSE_POSITIVE,For scanner vulnerability allegation only; contextual review in SECURITY_FINDINGS.md group FP-BANDIT-B607
Bandit,B603,scripts/erp_doctor.py,673,LOW,FP-BANDIT-B603,FALSE_POSITIVE,For scanner vulnerability allegation only; contextual review in SECURITY_FINDINGS.md group FP-BANDIT-B603
Bandit,B105,scripts/erp_doctor.py,695,LOW,FP-BANDIT-B105,FALSE_POSITIVE,For scanner vulnerability allegation only; contextual review in SECURITY_FINDINGS.md group FP-BANDIT-B105
Bandit,B105,scripts/generate_demo_2_years.py,77,LOW,FP-BANDIT-B105,FALSE_POSITIVE,For scanner vulnerability allegation only; contextual review in SECURITY_FINDINGS.md group FP-BANDIT-B105
Bandit,B608,scripts/generate_demo_2_years.py,506,MEDIUM,FP-BANDIT-B608,FALSE_POSITIVE,For scanner vulnerability allegation only; contextual review in SECURITY_FINDINGS.md group FP-BANDIT-B608
Bandit,B608,scripts/generate_demo_2_years.py,507,MEDIUM,FP-BANDIT-B608,FALSE_POSITIVE,For scanner vulnerability allegation only; contextual review in SECURITY_FINDINGS.md group FP-BANDIT-B608
Bandit,B608,scripts/generate_demo_2_years.py,510,MEDIUM,FP-BANDIT-B608,FALSE_POSITIVE,For scanner vulnerability allegation only; contextual review in SECURITY_FINDINGS.md group FP-BANDIT-B608
Bandit,B311,scripts/generate_demo_2_years.py,522,LOW,FP-BANDIT-B311,FALSE_POSITIVE,For scanner vulnerability allegation only; contextual review in SECURITY_FINDINGS.md group FP-BANDIT-B311
Bandit,B106,scripts/generate_demo_2_years.py,527,LOW,FP-BANDIT-B106,FALSE_POSITIVE,For scanner vulnerability allegation only; contextual review in SECURITY_FINDINGS.md group FP-BANDIT-B106
Bandit,B311,scripts/generate_demo_2_years.py,690,LOW,FP-BANDIT-B311,FALSE_POSITIVE,For scanner vulnerability allegation only; contextual review in SECURITY_FINDINGS.md group FP-BANDIT-B311
Bandit,B608,scripts/generate_demo_2_years.py,937,MEDIUM,FP-BANDIT-B608,FALSE_POSITIVE,For scanner vulnerability allegation only; contextual review in SECURITY_FINDINGS.md group FP-BANDIT-B608
Bandit,B106,scripts/install_prod_database.py,119,LOW,FP-BANDIT-B106,FALSE_POSITIVE,For scanner vulnerability allegation only; contextual review in SECURITY_FINDINGS.md group FP-BANDIT-B106
Bandit,B404,scripts/secret_scan.py,8,LOW,FP-BANDIT-B404,FALSE_POSITIVE,For scanner vulnerability allegation only; contextual review in SECURITY_FINDINGS.md group FP-BANDIT-B404
Bandit,B607,scripts/secret_scan.py,25,LOW,FP-BANDIT-B607,FALSE_POSITIVE,For scanner vulnerability allegation only; contextual review in SECURITY_FINDINGS.md group FP-BANDIT-B607
Bandit,B603,scripts/secret_scan.py,25,LOW,FP-BANDIT-B603,FALSE_POSITIVE,For scanner vulnerability allegation only; contextual review in SECURITY_FINDINGS.md group FP-BANDIT-B603
Bandit,B101,scripts/stress_validation.py,59,LOW,FP-BANDIT-B101,FALSE_POSITIVE,For scanner vulnerability allegation only; contextual review in SECURITY_FINDINGS.md group FP-BANDIT-B101
Bandit,B101,scripts/stress_validation.py,60,LOW,FP-BANDIT-B101,FALSE_POSITIVE,For scanner vulnerability allegation only; contextual review in SECURITY_FINDINGS.md group FP-BANDIT-B101
Bandit,B101,scripts/stress_validation.py,61,LOW,FP-BANDIT-B101,FALSE_POSITIVE,For scanner vulnerability allegation only; contextual review in SECURITY_FINDINGS.md group FP-BANDIT-B101
Bandit,B101,scripts/stress_validation.py,62,LOW,FP-BANDIT-B101,FALSE_POSITIVE,For scanner vulnerability allegation only; contextual review in SECURITY_FINDINGS.md group FP-BANDIT-B101
Bandit,B101,scripts/stress_validation.py,63,LOW,FP-BANDIT-B101,FALSE_POSITIVE,For scanner vulnerability allegation only; contextual review in SECURITY_FINDINGS.md group FP-BANDIT-B101
Bandit,B101,scripts/stress_validation.py,70,LOW,FP-BANDIT-B101,FALSE_POSITIVE,For scanner vulnerability allegation only; contextual review in SECURITY_FINDINGS.md group FP-BANDIT-B101
Bandit,B105,scripts/stress_validation.py,70,LOW,FP-BANDIT-B105,FALSE_POSITIVE,For scanner vulnerability allegation only; contextual review in SECURITY_FINDINGS.md group FP-BANDIT-B105
Bandit,B101,scripts/stress_validation.py,82,LOW,FP-BANDIT-B101,FALSE_POSITIVE,For scanner vulnerability allegation only; contextual review in SECURITY_FINDINGS.md group FP-BANDIT-B101
Bandit,B404,scripts/test_safety_snapshot.py,7,LOW,FP-BANDIT-B404,FALSE_POSITIVE,For scanner vulnerability allegation only; contextual review in SECURITY_FINDINGS.md group FP-BANDIT-B404
Bandit,B608,scripts/test_safety_snapshot.py,23,MEDIUM,FP-BANDIT-B608,FALSE_POSITIVE,For scanner vulnerability allegation only; contextual review in SECURITY_FINDINGS.md group FP-BANDIT-B608
Bandit,B101,scripts/test_safety_snapshot.py,40,LOW,FP-BANDIT-B101,FALSE_POSITIVE,For scanner vulnerability allegation only; contextual review in SECURITY_FINDINGS.md group FP-BANDIT-B101
Bandit,B607,scripts/test_safety_snapshot.py,43,LOW,FP-BANDIT-B607,FALSE_POSITIVE,For scanner vulnerability allegation only; contextual review in SECURITY_FINDINGS.md group FP-BANDIT-B607
Bandit,B603,scripts/test_safety_snapshot.py,43,LOW,FP-BANDIT-B603,FALSE_POSITIVE,For scanner vulnerability allegation only; contextual review in SECURITY_FINDINGS.md group FP-BANDIT-B603
Bandit,B607,scripts/test_safety_snapshot.py,44,LOW,FP-BANDIT-B607,FALSE_POSITIVE,For scanner vulnerability allegation only; contextual review in SECURITY_FINDINGS.md group FP-BANDIT-B607
Bandit,B603,scripts/test_safety_snapshot.py,44,LOW,FP-BANDIT-B603,FALSE_POSITIVE,For scanner vulnerability allegation only; contextual review in SECURITY_FINDINGS.md group FP-BANDIT-B603
Bandit,B101,scripts/verify_relocation.py,67,LOW,FP-BANDIT-B101,FALSE_POSITIVE,For scanner vulnerability allegation only; contextual review in SECURITY_FINDINGS.md group FP-BANDIT-B101
CodeQL,py/clear-text-logging-sensitive-data,scripts/create_qa_environment.py,372,warning,FP-CODEQL-clear-text-logging-sensitive-data,FALSE_POSITIVE,For scanner vulnerability allegation only; contextual review in SECURITY_FINDINGS.md group FP-CODEQL-clear-text-logging-sensitive-data
CodeQL,py/clear-text-logging-sensitive-data,scripts/erp_doctor.py,694,warning,FP-CODEQL-clear-text-logging-sensitive-data,FALSE_POSITIVE,For scanner vulnerability allegation only; contextual review in SECURITY_FINDINGS.md group FP-CODEQL-clear-text-logging-sensitive-data
CodeQL,py/clear-text-logging-sensitive-data,scripts/generate_demo_2_years.py,1110,warning,FP-CODEQL-clear-text-logging-sensitive-data,FALSE_POSITIVE,For scanner vulnerability allegation only; contextual review in SECURITY_FINDINGS.md group FP-CODEQL-clear-text-logging-sensitive-data
CodeQL,py/clear-text-logging-sensitive-data,run_qa.py,314,warning,FP-CODEQL-clear-text-logging-sensitive-data,FALSE_POSITIVE,For scanner vulnerability allegation only; contextual review in SECURITY_FINDINGS.md group FP-CODEQL-clear-text-logging-sensitive-data
CodeQL,py/clear-text-logging-sensitive-data,scripts/secret_scan.py,115,warning,FP-CODEQL-clear-text-logging-sensitive-data,FALSE_POSITIVE,For scanner vulnerability allegation only; contextual review in SECURITY_FINDINGS.md group FP-CODEQL-clear-text-logging-sensitive-data
CodeQL,py/clear-text-storage-sensitive-data,app/routes/auth.py,115,warning,FP-CODEQL-clear-text-storage-sensitive-data,FALSE_POSITIVE,For scanner vulnerability allegation only; contextual review in SECURITY_FINDINGS.md group FP-CODEQL-clear-text-storage-sensitive-data
CodeQL,py/url-redirection,app/routes/admin_lock.py,247,warning,FP-CODEQL-url-redirection,FALSE_POSITIVE,For scanner vulnerability allegation only; contextual review in SECURITY_FINDINGS.md group FP-CODEQL-url-redirection
CodeQL,py/url-redirection,app/routes/cash.py,459,warning,FP-CODEQL-url-redirection,FALSE_POSITIVE,For scanner vulnerability allegation only; contextual review in SECURITY_FINDINGS.md group FP-CODEQL-url-redirection
CodeQL,py/url-redirection,app/routes/customers.py,261,warning,FP-CODEQL-url-redirection,FALSE_POSITIVE,For scanner vulnerability allegation only; contextual review in SECURITY_FINDINGS.md group FP-CODEQL-url-redirection
CodeQL,py/url-redirection,app/routes/customers.py,310,warning,FP-CODEQL-url-redirection,FALSE_POSITIVE,For scanner vulnerability allegation only; contextual review in SECURITY_FINDINGS.md group FP-CODEQL-url-redirection
CodeQL,py/url-redirection,app/routes/customers.py,334,warning,FP-CODEQL-url-redirection,FALSE_POSITIVE,For scanner vulnerability allegation only; contextual review in SECURITY_FINDINGS.md group FP-CODEQL-url-redirection
CodeQL,py/url-redirection,app/routes/customers.py,347,warning,FP-CODEQL-url-redirection,FALSE_POSITIVE,For scanner vulnerability allegation only; contextual review in SECURITY_FINDINGS.md group FP-CODEQL-url-redirection
CodeQL,py/url-redirection,app/routes/notes.py,277,warning,FP-CODEQL-url-redirection,FALSE_POSITIVE,For scanner vulnerability allegation only; contextual review in SECURITY_FINDINGS.md group FP-CODEQL-url-redirection
CodeQL,py/url-redirection,app/routes/notes.py,588,warning,FP-CODEQL-url-redirection,FALSE_POSITIVE,For scanner vulnerability allegation only; contextual review in SECURITY_FINDINGS.md group FP-CODEQL-url-redirection
CodeQL,py/url-redirection,app/routes/notes.py,617,warning,FP-CODEQL-url-redirection,FALSE_POSITIVE,For scanner vulnerability allegation only; contextual review in SECURITY_FINDINGS.md group FP-CODEQL-url-redirection
CodeQL,py/url-redirection,app/routes/notes.py,663,warning,FP-CODEQL-url-redirection,FALSE_POSITIVE,For scanner vulnerability allegation only; contextual review in SECURITY_FINDINGS.md group FP-CODEQL-url-redirection
CodeQL,py/url-redirection,app/routes/notes.py,700,warning,FP-CODEQL-url-redirection,FALSE_POSITIVE,For scanner vulnerability allegation only; contextual review in SECURITY_FINDINGS.md group FP-CODEQL-url-redirection
CodeQL,py/url-redirection,app/routes/payments.py,243,warning,FP-CODEQL-url-redirection,FALSE_POSITIVE,For scanner vulnerability allegation only; contextual review in SECURITY_FINDINGS.md group FP-CODEQL-url-redirection
CodeQL,py/url-redirection,app/routes/services.py,205,warning,FP-CODEQL-url-redirection,FALSE_POSITIVE,For scanner vulnerability allegation only; contextual review in SECURITY_FINDINGS.md group FP-CODEQL-url-redirection
CodeQL,py/url-redirection,app/routes/services.py,206,warning,FP-CODEQL-url-redirection,FALSE_POSITIVE,For scanner vulnerability allegation only; contextual review in SECURITY_FINDINGS.md group FP-CODEQL-url-redirection
CodeQL,py/url-redirection,app/routes/services.py,277,warning,FP-CODEQL-url-redirection,FALSE_POSITIVE,For scanner vulnerability allegation only; contextual review in SECURITY_FINDINGS.md group FP-CODEQL-url-redirection
CodeQL,py/url-redirection,app/routes/services.py,290,warning,FP-CODEQL-url-redirection,FALSE_POSITIVE,For scanner vulnerability allegation only; contextual review in SECURITY_FINDINGS.md group FP-CODEQL-url-redirection
CodeQL,py/url-redirection,control_center/web.py,1470,warning,FP-CODEQL-url-redirection,FALSE_POSITIVE,For scanner vulnerability allegation only; contextual review in SECURITY_FINDINGS.md group FP-CODEQL-url-redirection
CodeQL,py/url-redirection,control_center/web.py,1486,warning,FP-CODEQL-url-redirection,FALSE_POSITIVE,For scanner vulnerability allegation only; contextual review in SECURITY_FINDINGS.md group FP-CODEQL-url-redirection
CodeQL,py/url-redirection,control_center/web.py,1875,warning,FP-CODEQL-url-redirection,FALSE_POSITIVE,For scanner vulnerability allegation only; contextual review in SECURITY_FINDINGS.md group FP-CODEQL-url-redirection
CodeQL,py/url-redirection,control_center/web.py,1891,warning,FP-CODEQL-url-redirection,FALSE_POSITIVE,For scanner vulnerability allegation only; contextual review in SECURITY_FINDINGS.md group FP-CODEQL-url-redirection
CodeQL,py/polynomial-redos,control_center/sanitization.py,93,warning,SD-002,UNRESOLVED,Only private-key block pattern locally reproduced; other patterns are not confirmed by association
CodeQL,py/polynomial-redos,control_center/sanitization.py,94,warning,SD-002,UNRESOLVED,Only private-key block pattern locally reproduced; other patterns are not confirmed by association
CodeQL,py/polynomial-redos,control_center/sanitization.py,108,warning,SD-002,CONFIRMED,Only private-key block pattern locally reproduced; other patterns are not confirmed by association
CodeQL,py/polynomial-redos,control_center/sanitization.py,109,warning,SD-002,UNRESOLVED,Only private-key block pattern locally reproduced; other patterns are not confirmed by association
CodeQL,py/polynomial-redos,control_center/sanitization.py,114,warning,SD-002,UNRESOLVED,Only private-key block pattern locally reproduced; other patterns are not confirmed by association
CodeQL,py/polynomial-redos,control_center/sanitization.py,118,warning,SD-002,UNRESOLVED,Only private-key block pattern locally reproduced; other patterns are not confirmed by association
Semgrep Nexa,javascript.express.security.cors-misconfiguration.cors-misconfiguration,supabase/functions/_shared/http/cors.ts,38,WARNING,FP-NEXA-CORS,FALSE_POSITIVE,For scanner vulnerability allegation only; contextual review in SECURITY_FINDINGS.md group FP-NEXA-CORS
