finding,scope,package,version,advisory,fixed_version,scanner_severity,vendor_status,classification,status,source,rationale,evidence
SD-005,erp-security-discovery:b09c48e (debian 12.15),apt,2.6.1,CVE-2011-3374,unknown,LOW,affected,UNRESOLVED,OPEN,https://avd.aquasec.com/nvd/cve-2011-3374,Package/version detected; specific vulnerable entry point and untrusted input reachability not demonstrated,DEPENDENCY_ALERTS.csv; SECURITY_DEPENDENCY_TRIAGE.md
SD-005,erp-security-discovery:b09c48e (debian 12.15),bash,5.2.15-2+b13,TEMP-0841856-B18BAF,unknown,LOW,affected,UNRESOLVED,OPEN,https://security-tracker.debian.org/tracker/TEMP-0841856-B18BAF,Package/version detected; specific vulnerable entry point and untrusted input reachability not demonstrated,DEPENDENCY_ALERTS.csv; SECURITY_DEPENDENCY_TRIAGE.md
SD-005,erp-security-discovery:b09c48e (debian 12.15),bsdutils,1:2.38.1-5+deb12u3,CVE-2026-53613,unknown,HIGH,affected,UNRESOLVED,OPEN,https://avd.aquasec.com/nvd/cve-2026-53613,Package/version detected; specific vulnerable entry point and untrusted input reachability not demonstrated,DEPENDENCY_ALERTS.csv; SECURITY_DEPENDENCY_TRIAGE.md
SD-005,erp-security-discovery:b09c48e (debian 12.15),bsdutils,1:2.38.1-5+deb12u3,CVE-2026-76642,unknown,HIGH,affected,UNRESOLVED,OPEN,https://avd.aquasec.com/nvd/cve-2026-76642,Package/version detected; specific vulnerable entry point and untrusted input reachability not demonstrated,DEPENDENCY_ALERTS.csv; SECURITY_DEPENDENCY_TRIAGE.md
SD-005,erp-security-discovery:b09c48e (debian 12.15),bsdutils,1:2.38.1-5+deb12u3,CVE-2026-78408,unknown,HIGH,affected,UNRESOLVED,OPEN,https://avd.aquasec.com/nvd/cve-2026-78408,Package/version detected; specific vulnerable entry point and untrusted input reachability not demonstrated,DEPENDENCY_ALERTS.csv; SECURITY_DEPENDENCY_TRIAGE.md
SD-005,erp-security-discovery:b09c48e (debian 12.15),bsdutils,1:2.38.1-5+deb12u3,CVE-2026-78409,unknown,HIGH,affected,UNRESOLVED,OPEN,https://avd.aquasec.com/nvd/cve-2026-78409,Package/version detected; specific vulnerable entry point and untrusted input reachability not demonstrated,DEPENDENCY_ALERTS.csv; SECURITY_DEPENDENCY_TRIAGE.md
SD-005,erp-security-discovery:b09c48e (debian 12.15),bsdutils,1:2.38.1-5+deb12u3,CVE-2026-78410,unknown,HIGH,affected,UNRESOLVED,OPEN,https://avd.aquasec.com/nvd/cve-2026-78410,Package/version detected; specific vulnerable entry point and untrusted input reachability not demonstrated,DEPENDENCY_ALERTS.csv; SECURITY_DEPENDENCY_TRIAGE.md
SD-005,erp-security-discovery:b09c48e (debian 12.15),bsdutils,1:2.38.1-5+deb12u3,CVE-2026-13595,unknown,MEDIUM,affected,UNRESOLVED,OPEN,https://avd.aquasec.com/nvd/cve-2026-13595,Package/version detected; specific vulnerable entry point and untrusted input reachability not demonstrated,DEPENDENCY_ALERTS.csv; SECURITY_DEPENDENCY_TRIAGE.md
SD-005,erp-security-discovery:b09c48e (debian 12.15),bsdutils,1:2.38.1-5+deb12u3,CVE-2026-27456,unknown,MEDIUM,affected,UNRESOLVED,OPEN,https://avd.aquasec.com/nvd/cve-2026-27456,Package/version detected; specific vulnerable entry point and untrusted input reachability not demonstrated,DEPENDENCY_ALERTS.csv; SECURITY_DEPENDENCY_TRIAGE.md
SD-005,erp-security-discovery:b09c48e (debian 12.15),bsdutils,1:2.38.1-5+deb12u3,CVE-2026-3184,unknown,MEDIUM,will_not_fix,UNRESOLVED,OPEN,https://avd.aquasec.com/nvd/cve-2026-3184,Package/version detected; specific vulnerable entry point and untrusted input reachability not demonstrated,DEPENDENCY_ALERTS.csv; SECURITY_DEPENDENCY_TRIAGE.md
SD-005,erp-security-discovery:b09c48e (debian 12.15),bsdutils,1:2.38.1-5+deb12u3,CVE-2026-53615,unknown,MEDIUM,affected,UNRESOLVED,OPEN,https://avd.aquasec.com/nvd/cve-2026-53615,Package/version detected; specific vulnerable entry point and untrusted input reachability not demonstrated,DEPENDENCY_ALERTS.csv; SECURITY_DEPENDENCY_TRIAGE.md
SD-005,erp-security-discovery:b09c48e (debian 12.15),bsdutils,1:2.38.1-5+deb12u3,CVE-2022-0563,unknown,LOW,affected,UNRESOLVED,OPEN,https://avd.aquasec.com/nvd/cve-2022-0563,Package/version detected; specific vulnerable entry point and untrusted input reachability not demonstrated,DEPENDENCY_ALERTS.csv; SECURITY_DEPENDENCY_TRIAGE.md
SD-005,erp-security-discovery:b09c48e (debian 12.15),bsdutils,1:2.38.1-5+deb12u3,CVE-2025-14104,unknown,LOW,affected,UNRESOLVED,OPEN,https://avd.aquasec.com/nvd/cve-2025-14104,Package/version detected; specific vulnerable entry point and untrusted input reachability not demonstrated,DEPENDENCY_ALERTS.csv; SECURITY_DEPENDENCY_TRIAGE.md
SD-005,erp-security-discovery:b09c48e (debian 12.15),coreutils,9.1-1,CVE-2016-2781,unknown,LOW,will_not_fix,UNRESOLVED,OPEN,https://avd.aquasec.com/nvd/cve-2016-2781,Package/version detected; specific vulnerable entry point and untrusted input reachability not demonstrated,DEPENDENCY_ALERTS.csv; SECURITY_DEPENDENCY_TRIAGE.md
SD-005,erp-security-discovery:b09c48e (debian 12.15),coreutils,9.1-1,CVE-2017-18018,unknown,LOW,affected,UNRESOLVED,OPEN,https://avd.aquasec.com/nvd/cve-2017-18018,Package/version detected; specific vulnerable entry point and untrusted input reachability not demonstrated,DEPENDENCY_ALERTS.csv; SECURITY_DEPENDENCY_TRIAGE.md
SD-005,erp-security-discovery:b09c48e (debian 12.15),coreutils,9.1-1,CVE-2025-5278,unknown,LOW,affected,UNRESOLVED,OPEN,https://avd.aquasec.com/nvd/cve-2025-5278,Package/version detected; specific vulnerable entry point and untrusted input reachability not demonstrated,DEPENDENCY_ALERTS.csv; SECURITY_DEPENDENCY_TRIAGE.md
SD-005,erp-security-discovery:b09c48e (debian 12.15),coreutils,9.1-1,CVE-2026-56391,unknown,LOW,affected,UNRESOLVED,OPEN,https://avd.aquasec.com/nvd/cve-2026-56391,Package/version detected; specific vulnerable entry point and untrusted input reachability not demonstrated,DEPENDENCY_ALERTS.csv; SECURITY_DEPENDENCY_TRIAGE.md
SD-005,erp-security-discovery:b09c48e (debian 12.15),coreutils,9.1-1,CVE-2026-56392,unknown,LOW,affected,UNRESOLVED,OPEN,https://avd.aquasec.com/nvd/cve-2026-56392,Package/version detected; specific vulnerable entry point and untrusted input reachability not demonstrated,DEPENDENCY_ALERTS.csv; SECURITY_DEPENDENCY_TRIAGE.md
SD-005,erp-security-discovery:b09c48e (debian 12.15),diffutils,1:3.8-4,CVE-2026-53910,unknown,LOW,affected,UNRESOLVED,OPEN,https://avd.aquasec.com/nvd/cve-2026-53910,Package/version detected; specific vulnerable entry point and untrusted input reachability not demonstrated,DEPENDENCY_ALERTS.csv; SECURITY_DEPENDENCY_TRIAGE.md
SD-005,erp-security-discovery:b09c48e (debian 12.15),gcc-12-base,12.2.0-14+deb12u1,CVE-2022-27943,unknown,LOW,affected,UNRESOLVED,OPEN,https://avd.aquasec.com/nvd/cve-2022-27943,Package/version detected; specific vulnerable entry point and untrusted input reachability not demonstrated,DEPENDENCY_ALERTS.csv; SECURITY_DEPENDENCY_TRIAGE.md
SD-005,erp-security-discovery:b09c48e (debian 12.15),gpgv,2.2.40-1.1+deb12u2,CVE-2025-30258,unknown,MEDIUM,affected,UNRESOLVED,OPEN,https://avd.aquasec.com/nvd/cve-2025-30258,Package/version detected; specific vulnerable entry point and untrusted input reachability not demonstrated,DEPENDENCY_ALERTS.csv; SECURITY_DEPENDENCY_TRIAGE.md
SD-005,erp-security-discovery:b09c48e (debian 12.15),gpgv,2.2.40-1.1+deb12u2,CVE-2025-68972,unknown,MEDIUM,affected,UNRESOLVED,OPEN,https://avd.aquasec.com/nvd/cve-2025-68972,Package/version detected; specific vulnerable entry point and untrusted input reachability not demonstrated,DEPENDENCY_ALERTS.csv; SECURITY_DEPENDENCY_TRIAGE.md
SD-005,erp-security-discovery:b09c48e (debian 12.15),gpgv,2.2.40-1.1+deb12u2,CVE-2022-3219,unknown,LOW,affected,UNRESOLVED,OPEN,https://avd.aquasec.com/nvd/cve-2022-3219,Package/version detected; specific vulnerable entry point and untrusted input reachability not demonstrated,DEPENDENCY_ALERTS.csv; SECURITY_DEPENDENCY_TRIAGE.md
SD-005,erp-security-discovery:b09c48e (debian 12.15),gpgv,2.2.40-1.1+deb12u2,CVE-2026-57062,unknown,LOW,fix_deferred,UNRESOLVED,OPEN,https://avd.aquasec.com/nvd/cve-2026-57062,Package/version detected; specific vulnerable entry point and untrusted input reachability not demonstrated,DEPENDENCY_ALERTS.csv; SECURITY_DEPENDENCY_TRIAGE.md
SD-005,erp-security-discovery:b09c48e (debian 12.15),gzip,1.12-1,CVE-2026-41992,unknown,HIGH,fix_deferred,UNRESOLVED,OPEN,https://avd.aquasec.com/nvd/cve-2026-41992,Package/version detected; specific vulnerable entry point and untrusted input reachability not demonstrated,DEPENDENCY_ALERTS.csv; SECURITY_DEPENDENCY_TRIAGE.md
SD-005,erp-security-discovery:b09c48e (debian 12.15),gzip,1.12-1,CVE-2026-41991,unknown,MEDIUM,fix_deferred,UNRESOLVED,OPEN,https://avd.aquasec.com/nvd/cve-2026-41991,Package/version detected; specific vulnerable entry point and untrusted input reachability not demonstrated,DEPENDENCY_ALERTS.csv; SECURITY_DEPENDENCY_TRIAGE.md
SD-005,erp-security-discovery:b09c48e (debian 12.15),libacl1,2.3.1-3,CVE-2026-54369,unknown,HIGH,fix_deferred,UNRESOLVED,OPEN,https://avd.aquasec.com/nvd/cve-2026-54369,Package/version detected; specific vulnerable entry point and untrusted input reachability not demonstrated,DEPENDENCY_ALERTS.csv; SECURITY_DEPENDENCY_TRIAGE.md
SD-005,erp-security-discovery:b09c48e (debian 12.15),libacl1,2.3.1-3,CVE-2026-54370,unknown,MEDIUM,fix_deferred,UNRESOLVED,OPEN,https://avd.aquasec.com/nvd/cve-2026-54370,Package/version detected; specific vulnerable entry point and untrusted input reachability not demonstrated,DEPENDENCY_ALERTS.csv; SECURITY_DEPENDENCY_TRIAGE.md
SD-005,erp-security-discovery:b09c48e (debian 12.15),libapt-pkg6.0,2.6.1,CVE-2011-3374,unknown,LOW,affected,UNRESOLVED,OPEN,https://avd.aquasec.com/nvd/cve-2011-3374,Package/version detected; specific vulnerable entry point and untrusted input reachability not demonstrated,DEPENDENCY_ALERTS.csv; SECURITY_DEPENDENCY_TRIAGE.md
SD-005,erp-security-discovery:b09c48e (debian 12.15),libattr1,1:2.5.1-4,CVE-2026-54371,unknown,MEDIUM,fix_deferred,UNRESOLVED,OPEN,https://avd.aquasec.com/nvd/cve-2026-54371,Package/version detected; specific vulnerable entry point and untrusted input reachability not demonstrated,DEPENDENCY_ALERTS.csv; SECURITY_DEPENDENCY_TRIAGE.md
SD-005,erp-security-discovery:b09c48e (debian 12.15),libblkid1,2.38.1-5+deb12u3,CVE-2026-53613,unknown,HIGH,affected,UNRESOLVED,OPEN,https://avd.aquasec.com/nvd/cve-2026-53613,Package/version detected; specific vulnerable entry point and untrusted input reachability not demonstrated,DEPENDENCY_ALERTS.csv; SECURITY_DEPENDENCY_TRIAGE.md
SD-005,erp-security-discovery:b09c48e (debian 12.15),libblkid1,2.38.1-5+deb12u3,CVE-2026-76642,unknown,HIGH,affected,UNRESOLVED,OPEN,https://avd.aquasec.com/nvd/cve-2026-76642,Package/version detected; specific vulnerable entry point and untrusted input reachability not demonstrated,DEPENDENCY_ALERTS.csv; SECURITY_DEPENDENCY_TRIAGE.md
SD-005,erp-security-discovery:b09c48e (debian 12.15),libblkid1,2.38.1-5+deb12u3,CVE-2026-78408,unknown,HIGH,affected,UNRESOLVED,OPEN,https://avd.aquasec.com/nvd/cve-2026-78408,Package/version detected; specific vulnerable entry point and untrusted input reachability not demonstrated,DEPENDENCY_ALERTS.csv; SECURITY_DEPENDENCY_TRIAGE.md
SD-005,erp-security-discovery:b09c48e (debian 12.15),libblkid1,2.38.1-5+deb12u3,CVE-2026-78409,unknown,HIGH,affected,UNRESOLVED,OPEN,https://avd.aquasec.com/nvd/cve-2026-78409,Package/version detected; specific vulnerable entry point and untrusted input reachability not demonstrated,DEPENDENCY_ALERTS.csv; SECURITY_DEPENDENCY_TRIAGE.md
SD-005,erp-security-discovery:b09c48e (debian 12.15),libblkid1,2.38.1-5+deb12u3,CVE-2026-78410,unknown,HIGH,affected,UNRESOLVED,OPEN,https://avd.aquasec.com/nvd/cve-2026-78410,Package/version detected; specific vulnerable entry point and untrusted input reachability not demonstrated,DEPENDENCY_ALERTS.csv; SECURITY_DEPENDENCY_TRIAGE.md
SD-005,erp-security-discovery:b09c48e (debian 12.15),libblkid1,2.38.1-5+deb12u3,CVE-2026-13595,unknown,MEDIUM,affected,UNRESOLVED,OPEN,https://avd.aquasec.com/nvd/cve-2026-13595,Package/version detected; specific vulnerable entry point and untrusted input reachability not demonstrated,DEPENDENCY_ALERTS.csv; SECURITY_DEPENDENCY_TRIAGE.md
SD-005,erp-security-discovery:b09c48e (debian 12.15),libblkid1,2.38.1-5+deb12u3,CVE-2026-27456,unknown,MEDIUM,affected,UNRESOLVED,OPEN,https://avd.aquasec.com/nvd/cve-2026-27456,Package/version detected; specific vulnerable entry point and untrusted input reachability not demonstrated,DEPENDENCY_ALERTS.csv; SECURITY_DEPENDENCY_TRIAGE.md
SD-005,erp-security-discovery:b09c48e (debian 12.15),libblkid1,2.38.1-5+deb12u3,CVE-2026-3184,unknown,MEDIUM,will_not_fix,UNRESOLVED,OPEN,https://avd.aquasec.com/nvd/cve-2026-3184,Package/version detected; specific vulnerable entry point and untrusted input reachability not demonstrated,DEPENDENCY_ALERTS.csv; SECURITY_DEPENDENCY_TRIAGE.md
SD-005,erp-security-discovery:b09c48e (debian 12.15),libblkid1,2.38.1-5+deb12u3,CVE-2026-53615,unknown,MEDIUM,affected,UNRESOLVED,OPEN,https://avd.aquasec.com/nvd/cve-2026-53615,Package/version detected; specific vulnerable entry point and untrusted input reachability not demonstrated,DEPENDENCY_ALERTS.csv; SECURITY_DEPENDENCY_TRIAGE.md
SD-005,erp-security-discovery:b09c48e (debian 12.15),libblkid1,2.38.1-5+deb12u3,CVE-2022-0563,unknown,LOW,affected,UNRESOLVED,OPEN,https://avd.aquasec.com/nvd/cve-2022-0563,Package/version detected; specific vulnerable entry point and untrusted input reachability not demonstrated,DEPENDENCY_ALERTS.csv; SECURITY_DEPENDENCY_TRIAGE.md
SD-005,erp-security-discovery:b09c48e (debian 12.15),libblkid1,2.38.1-5+deb12u3,CVE-2025-14104,unknown,LOW,affected,UNRESOLVED,OPEN,https://avd.aquasec.com/nvd/cve-2025-14104,Package/version detected; specific vulnerable entry point and untrusted input reachability not demonstrated,DEPENDENCY_ALERTS.csv; SECURITY_DEPENDENCY_TRIAGE.md
SD-005,erp-security-discovery:b09c48e (debian 12.15),libbz2-1.0,1.0.8-5+b1,CVE-2026-42250,unknown,MEDIUM,affected,UNRESOLVED,OPEN,https://avd.aquasec.com/nvd/cve-2026-42250,Package/version detected; specific vulnerable entry point and untrusted input reachability not demonstrated,DEPENDENCY_ALERTS.csv; SECURITY_DEPENDENCY_TRIAGE.md
SD-005,erp-security-discovery:b09c48e (debian 12.15),libc-bin,2.36-9+deb12u14,CVE-2026-18374,unknown,MEDIUM,fix_deferred,UNRESOLVED,OPEN,https://avd.aquasec.com/nvd/cve-2026-18374,Package/version detected; specific vulnerable entry point and untrusted input reachability not demonstrated,DEPENDENCY_ALERTS.csv; SECURITY_DEPENDENCY_TRIAGE.md
SD-005,erp-security-discovery:b09c48e (debian 12.15),libc-bin,2.36-9+deb12u14,CVE-2026-19499,unknown,MEDIUM,fix_deferred,UNRESOLVED,OPEN,https://avd.aquasec.com/nvd/cve-2026-19499,Package/version detected; specific vulnerable entry point and untrusted input reachability not demonstrated,DEPENDENCY_ALERTS.csv; SECURITY_DEPENDENCY_TRIAGE.md
SD-005,erp-security-discovery:b09c48e (debian 12.15),libc-bin,2.36-9+deb12u14,CVE-2026-19542,unknown,MEDIUM,fix_deferred,UNRESOLVED,OPEN,https://avd.aquasec.com/nvd/cve-2026-19542,Package/version detected; specific vulnerable entry point and untrusted input reachability not demonstrated,DEPENDENCY_ALERTS.csv; SECURITY_DEPENDENCY_TRIAGE.md
SD-005,erp-security-discovery:b09c48e (debian 12.15),libc-bin,2.36-9+deb12u14,CVE-2026-5435,unknown,MEDIUM,affected,UNRESOLVED,OPEN,https://avd.aquasec.com/nvd/cve-2026-5435,Package/version detected; specific vulnerable entry point and untrusted input reachability not demonstrated,DEPENDENCY_ALERTS.csv; SECURITY_DEPENDENCY_TRIAGE.md
SD-005,erp-security-discovery:b09c48e (debian 12.15),libc-bin,2.36-9+deb12u14,CVE-2026-5450,unknown,MEDIUM,affected,UNRESOLVED,OPEN,https://avd.aquasec.com/nvd/cve-2026-5450,Package/version detected; specific vulnerable entry point and untrusted input reachability not demonstrated,DEPENDENCY_ALERTS.csv; SECURITY_DEPENDENCY_TRIAGE.md
SD-005,erp-security-discovery:b09c48e (debian 12.15),libc-bin,2.36-9+deb12u14,CVE-2026-5928,unknown,MEDIUM,affected,UNRESOLVED,OPEN,https://avd.aquasec.com/nvd/cve-2026-5928,Package/version detected; specific vulnerable entry point and untrusted input reachability not demonstrated,DEPENDENCY_ALERTS.csv; SECURITY_DEPENDENCY_TRIAGE.md
SD-005,erp-security-discovery:b09c48e (debian 12.15),libc-bin,2.36-9+deb12u14,CVE-2026-6238,unknown,MEDIUM,affected,UNRESOLVED,OPEN,https://avd.aquasec.com/nvd/cve-2026-6238,Package/version detected; specific vulnerable entry point and untrusted input reachability not demonstrated,DEPENDENCY_ALERTS.csv; SECURITY_DEPENDENCY_TRIAGE.md
SD-005,erp-security-discovery:b09c48e (debian 12.15),libc-bin,2.36-9+deb12u14,CVE-2026-6368,unknown,MEDIUM,fix_deferred,UNRESOLVED,OPEN,https://avd.aquasec.com/nvd/cve-2026-6368,Package/version detected; specific vulnerable entry point and untrusted input reachability not demonstrated,DEPENDENCY_ALERTS.csv; SECURITY_DEPENDENCY_TRIAGE.md
SD-005,erp-security-discovery:b09c48e (debian 12.15),libc-bin,2.36-9+deb12u14,CVE-2026-6791,unknown,MEDIUM,fix_deferred,UNRESOLVED,OPEN,https://avd.aquasec.com/nvd/cve-2026-6791,Package/version detected; specific vulnerable entry point and untrusted input reachability not demonstrated,DEPENDENCY_ALERTS.csv; SECURITY_DEPENDENCY_TRIAGE.md
SD-005,erp-security-discovery:b09c48e (debian 12.15),libc-bin,2.36-9+deb12u14,CVE-2026-77117,unknown,MEDIUM,fix_deferred,UNRESOLVED,OPEN,https://avd.aquasec.com/nvd/cve-2026-77117,Package/version detected; specific vulnerable entry point and untrusted input reachability not demonstrated,DEPENDENCY_ALERTS.csv; SECURITY_DEPENDENCY_TRIAGE.md
SD-005,erp-security-discovery:b09c48e (debian 12.15),libc-bin,2.36-9+deb12u14,CVE-2026-80489,unknown,MEDIUM,fix_deferred,UNRESOLVED,OPEN,https://avd.aquasec.com/nvd/cve-2026-80489,Package/version detected; specific vulnerable entry point and untrusted input reachability not demonstrated,DEPENDENCY_ALERTS.csv; SECURITY_DEPENDENCY_TRIAGE.md
SD-005,erp-security-discovery:b09c48e (debian 12.15),libc-bin,2.36-9+deb12u14,CVE-2026-8674,unknown,MEDIUM,fix_deferred,UNRESOLVED,OPEN,https://avd.aquasec.com/nvd/cve-2026-8674,Package/version detected; specific vulnerable entry point and untrusted input reachability not demonstrated,DEPENDENCY_ALERTS.csv; SECURITY_DEPENDENCY_TRIAGE.md
SD-005,erp-security-discovery:b09c48e (debian 12.15),libc-bin,2.36-9+deb12u14,CVE-2026-86805,unknown,MEDIUM,affected,UNRESOLVED,OPEN,https://avd.aquasec.com/nvd/cve-2026-86805,Package/version detected; specific vulnerable entry point and untrusted input reachability not demonstrated,DEPENDENCY_ALERTS.csv; SECURITY_DEPENDENCY_TRIAGE.md
SD-005,erp-security-discovery:b09c48e (debian 12.15),libc-bin,2.36-9+deb12u14,CVE-2026-89092,unknown,MEDIUM,fix_deferred,UNRESOLVED,OPEN,https://avd.aquasec.com/nvd/cve-2026-89092,Package/version detected; specific vulnerable entry point and untrusted input reachability not demonstrated,DEPENDENCY_ALERTS.csv; SECURITY_DEPENDENCY_TRIAGE.md
SD-005,erp-security-discovery:b09c48e (debian 12.15),libc-bin,2.36-9+deb12u14,CVE-2026-95818,unknown,MEDIUM,affected,UNRESOLVED,OPEN,https://avd.aquasec.com/nvd/cve-2026-95818,Package/version detected; specific vulnerable entry point and untrusted input reachability not demonstrated,DEPENDENCY_ALERTS.csv; SECURITY_DEPENDENCY_TRIAGE.md
SD-005,erp-security-discovery:b09c48e (debian 12.15),libc-bin,2.36-9+deb12u14,CVE-2010-4756,unknown,LOW,affected,UNRESOLVED,OPEN,https://avd.aquasec.com/nvd/cve-2010-4756,Package/version detected; specific vulnerable entry point and untrusted input reachability not demonstrated,DEPENDENCY_ALERTS.csv; SECURITY_DEPENDENCY_TRIAGE.md
SD-005,erp-security-discovery:b09c48e (debian 12.15),libc-bin,2.36-9+deb12u14,CVE-2018-20796,unknown,LOW,affected,UNRESOLVED,OPEN,https://avd.aquasec.com/nvd/cve-2018-20796,Package/version detected; specific vulnerable entry point and untrusted input reachability not demonstrated,DEPENDENCY_ALERTS.csv; SECURITY_DEPENDENCY_TRIAGE.md
SD-005,erp-security-discovery:b09c48e (debian 12.15),libc-bin,2.36-9+deb12u14,CVE-2019-1010022,unknown,LOW,affected,UNRESOLVED,OPEN,https://avd.aquasec.com/nvd/cve-2019-1010022,Package/version detected; specific vulnerable entry point and untrusted input reachability not demonstrated,DEPENDENCY_ALERTS.csv; SECURITY_DEPENDENCY_TRIAGE.md
SD-005,erp-security-discovery:b09c48e (debian 12.15),libc-bin,2.36-9+deb12u14,CVE-2019-1010023,unknown,LOW,affected,UNRESOLVED,OPEN,https://avd.aquasec.com/nvd/cve-2019-1010023,Package/version detected; specific vulnerable entry point and untrusted input reachability not demonstrated,DEPENDENCY_ALERTS.csv; SECURITY_DEPENDENCY_TRIAGE.md
SD-005,erp-security-discovery:b09c48e (debian 12.15),libc-bin,2.36-9+deb12u14,CVE-2019-1010024,unknown,LOW,affected,UNRESOLVED,OPEN,https://avd.aquasec.com/nvd/cve-2019-1010024,Package/version detected; specific vulnerable entry point and untrusted input reachability not demonstrated,DEPENDENCY_ALERTS.csv; SECURITY_DEPENDENCY_TRIAGE.md
SD-005,erp-security-discovery:b09c48e (debian 12.15),libc-bin,2.36-9+deb12u14,CVE-2019-1010025,unknown,LOW,affected,UNRESOLVED,OPEN,https://avd.aquasec.com/nvd/cve-2019-1010025,Package/version detected; specific vulnerable entry point and untrusted input reachability not demonstrated,DEPENDENCY_ALERTS.csv; SECURITY_DEPENDENCY_TRIAGE.md
SD-005,erp-security-discovery:b09c48e (debian 12.15),libc-bin,2.36-9+deb12u14,CVE-2019-9192,unknown,LOW,affected,UNRESOLVED,OPEN,https://avd.aquasec.com/nvd/cve-2019-9192,Package/version detected; specific vulnerable entry point and untrusted input reachability not demonstrated,DEPENDENCY_ALERTS.csv; SECURITY_DEPENDENCY_TRIAGE.md
SD-005,erp-security-discovery:b09c48e (debian 12.15),libc-bin,2.36-9+deb12u14,CVE-2026-97399,unknown,UNKNOWN,affected,UNRESOLVED,OPEN,https://avd.aquasec.com/nvd/cve-2026-97399,Package/version detected; specific vulnerable entry point and untrusted input reachability not demonstrated,DEPENDENCY_ALERTS.csv; SECURITY_DEPENDENCY_TRIAGE.md
SD-005,erp-security-discovery:b09c48e (debian 12.15),libc6,2.36-9+deb12u14,CVE-2026-18374,unknown,MEDIUM,fix_deferred,UNRESOLVED,OPEN,https://avd.aquasec.com/nvd/cve-2026-18374,Package/version detected; specific vulnerable entry point and untrusted input reachability not demonstrated,DEPENDENCY_ALERTS.csv; SECURITY_DEPENDENCY_TRIAGE.md
SD-005,erp-security-discovery:b09c48e (debian 12.15),libc6,2.36-9+deb12u14,CVE-2026-19499,unknown,MEDIUM,fix_deferred,UNRESOLVED,OPEN,https://avd.aquasec.com/nvd/cve-2026-19499,Package/version detected; specific vulnerable entry point and untrusted input reachability not demonstrated,DEPENDENCY_ALERTS.csv; SECURITY_DEPENDENCY_TRIAGE.md
SD-005,erp-security-discovery:b09c48e (debian 12.15),libc6,2.36-9+deb12u14,CVE-2026-19542,unknown,MEDIUM,fix_deferred,UNRESOLVED,OPEN,https://avd.aquasec.com/nvd/cve-2026-19542,Package/version detected; specific vulnerable entry point and untrusted input reachability not demonstrated,DEPENDENCY_ALERTS.csv; SECURITY_DEPENDENCY_TRIAGE.md
SD-005,erp-security-discovery:b09c48e (debian 12.15),libc6,2.36-9+deb12u14,CVE-2026-5435,unknown,MEDIUM,affected,UNRESOLVED,OPEN,https://avd.aquasec.com/nvd/cve-2026-5435,Package/version detected; specific vulnerable entry point and untrusted input reachability not demonstrated,DEPENDENCY_ALERTS.csv; SECURITY_DEPENDENCY_TRIAGE.md
SD-005,erp-security-discovery:b09c48e (debian 12.15),libc6,2.36-9+deb12u14,CVE-2026-5450,unknown,MEDIUM,affected,UNRESOLVED,OPEN,https://avd.aquasec.com/nvd/cve-2026-5450,Package/version detected; specific vulnerable entry point and untrusted input reachability not demonstrated,DEPENDENCY_ALERTS.csv; SECURITY_DEPENDENCY_TRIAGE.md
SD-005,erp-security-discovery:b09c48e (debian 12.15),libc6,2.36-9+deb12u14,CVE-2026-5928,unknown,MEDIUM,affected,UNRESOLVED,OPEN,https://avd.aquasec.com/nvd/cve-2026-5928,Package/version detected; specific vulnerable entry point and untrusted input reachability not demonstrated,DEPENDENCY_ALERTS.csv; SECURITY_DEPENDENCY_TRIAGE.md
SD-005,erp-security-discovery:b09c48e (debian 12.15),libc6,2.36-9+deb12u14,CVE-2026-6238,unknown,MEDIUM,affected,UNRESOLVED,OPEN,https://avd.aquasec.com/nvd/cve-2026-6238,Package/version detected; specific vulnerable entry point and untrusted input reachability not demonstrated,DEPENDENCY_ALERTS.csv; SECURITY_DEPENDENCY_TRIAGE.md
SD-005,erp-security-discovery:b09c48e (debian 12.15),libc6,2.36-9+deb12u14,CVE-2026-6368,unknown,MEDIUM,fix_deferred,UNRESOLVED,OPEN,https://avd.aquasec.com/nvd/cve-2026-6368,Package/version detected; specific vulnerable entry point and untrusted input reachability not demonstrated,DEPENDENCY_ALERTS.csv; SECURITY_DEPENDENCY_TRIAGE.md
SD-005,erp-security-discovery:b09c48e (debian 12.15),libc6,2.36-9+deb12u14,CVE-2026-6791,unknown,MEDIUM,fix_deferred,UNRESOLVED,OPEN,https://avd.aquasec.com/nvd/cve-2026-6791,Package/version detected; specific vulnerable entry point and untrusted input reachability not demonstrated,DEPENDENCY_ALERTS.csv; SECURITY_DEPENDENCY_TRIAGE.md
SD-005,erp-security-discovery:b09c48e (debian 12.15),libc6,2.36-9+deb12u14,CVE-2026-77117,unknown,MEDIUM,fix_deferred,UNRESOLVED,OPEN,https://avd.aquasec.com/nvd/cve-2026-77117,Package/version detected; specific vulnerable entry point and untrusted input reachability not demonstrated,DEPENDENCY_ALERTS.csv; SECURITY_DEPENDENCY_TRIAGE.md
SD-005,erp-security-discovery:b09c48e (debian 12.15),libc6,2.36-9+deb12u14,CVE-2026-80489,unknown,MEDIUM,fix_deferred,UNRESOLVED,OPEN,https://avd.aquasec.com/nvd/cve-2026-80489,Package/version detected; specific vulnerable entry point and untrusted input reachability not demonstrated,DEPENDENCY_ALERTS.csv; SECURITY_DEPENDENCY_TRIAGE.md
SD-005,erp-security-discovery:b09c48e (debian 12.15),libc6,2.36-9+deb12u14,CVE-2026-8674,unknown,MEDIUM,fix_deferred,UNRESOLVED,OPEN,https://avd.aquasec.com/nvd/cve-2026-8674,Package/version detected; specific vulnerable entry point and untrusted input reachability not demonstrated,DEPENDENCY_ALERTS.csv; SECURITY_DEPENDENCY_TRIAGE.md
SD-005,erp-security-discovery:b09c48e (debian 12.15),libc6,2.36-9+deb12u14,CVE-2026-86805,unknown,MEDIUM,affected,UNRESOLVED,OPEN,https://avd.aquasec.com/nvd/cve-2026-86805,Package/version detected; specific vulnerable entry point and untrusted input reachability not demonstrated,DEPENDENCY_ALERTS.csv; SECURITY_DEPENDENCY_TRIAGE.md
SD-005,erp-security-discovery:b09c48e (debian 12.15),libc6,2.36-9+deb12u14,CVE-2026-89092,unknown,MEDIUM,fix_deferred,UNRESOLVED,OPEN,https://avd.aquasec.com/nvd/cve-2026-89092,Package/version detected; specific vulnerable entry point and untrusted input reachability not demonstrated,DEPENDENCY_ALERTS.csv; SECURITY_DEPENDENCY_TRIAGE.md
SD-005,erp-security-discovery:b09c48e (debian 12.15),libc6,2.36-9+deb12u14,CVE-2026-95818,unknown,MEDIUM,affected,UNRESOLVED,OPEN,https://avd.aquasec.com/nvd/cve-2026-95818,Package/version detected; specific vulnerable entry point and untrusted input reachability not demonstrated,DEPENDENCY_ALERTS.csv; SECURITY_DEPENDENCY_TRIAGE.md
SD-005,erp-security-discovery:b09c48e (debian 12.15),libc6,2.36-9+deb12u14,CVE-2010-4756,unknown,LOW,affected,UNRESOLVED,OPEN,https://avd.aquasec.com/nvd/cve-2010-4756,Package/version detected; specific vulnerable entry point and untrusted input reachability not demonstrated,DEPENDENCY_ALERTS.csv; SECURITY_DEPENDENCY_TRIAGE.md
SD-005,erp-security-discovery:b09c48e (debian 12.15),libc6,2.36-9+deb12u14,CVE-2018-20796,unknown,LOW,affected,UNRESOLVED,OPEN,https://avd.aquasec.com/nvd/cve-2018-20796,Package/version detected; specific vulnerable entry point and untrusted input reachability not demonstrated,DEPENDENCY_ALERTS.csv; SECURITY_DEPENDENCY_TRIAGE.md
SD-005,erp-security-discovery:b09c48e (debian 12.15),libc6,2.36-9+deb12u14,CVE-2019-1010022,unknown,LOW,affected,UNRESOLVED,OPEN,https://avd.aquasec.com/nvd/cve-2019-1010022,Package/version detected; specific vulnerable entry point and untrusted input reachability not demonstrated,DEPENDENCY_ALERTS.csv; SECURITY_DEPENDENCY_TRIAGE.md
SD-005,erp-security-discovery:b09c48e (debian 12.15),libc6,2.36-9+deb12u14,CVE-2019-1010023,unknown,LOW,affected,UNRESOLVED,OPEN,https://avd.aquasec.com/nvd/cve-2019-1010023,Package/version detected; specific vulnerable entry point and untrusted input reachability not demonstrated,DEPENDENCY_ALERTS.csv; SECURITY_DEPENDENCY_TRIAGE.md
SD-005,erp-security-discovery:b09c48e (debian 12.15),libc6,2.36-9+deb12u14,CVE-2019-1010024,unknown,LOW,affected,UNRESOLVED,OPEN,https://avd.aquasec.com/nvd/cve-2019-1010024,Package/version detected; specific vulnerable entry point and untrusted input reachability not demonstrated,DEPENDENCY_ALERTS.csv; SECURITY_DEPENDENCY_TRIAGE.md
SD-005,erp-security-discovery:b09c48e (debian 12.15),libc6,2.36-9+deb12u14,CVE-2019-1010025,unknown,LOW,affected,UNRESOLVED,OPEN,https://avd.aquasec.com/nvd/cve-2019-1010025,Package/version detected; specific vulnerable entry point and untrusted input reachability not demonstrated,DEPENDENCY_ALERTS.csv; SECURITY_DEPENDENCY_TRIAGE.md
SD-005,erp-security-discovery:b09c48e (debian 12.15),libc6,2.36-9+deb12u14,CVE-2019-9192,unknown,LOW,affected,UNRESOLVED,OPEN,https://avd.aquasec.com/nvd/cve-2019-9192,Package/version detected; specific vulnerable entry point and untrusted input reachability not demonstrated,DEPENDENCY_ALERTS.csv; SECURITY_DEPENDENCY_TRIAGE.md
SD-005,erp-security-discovery:b09c48e (debian 12.15),libc6,2.36-9+deb12u14,CVE-2026-97399,unknown,UNKNOWN,affected,UNRESOLVED,OPEN,https://avd.aquasec.com/nvd/cve-2026-97399,Package/version detected; specific vulnerable entry point and untrusted input reachability not demonstrated,DEPENDENCY_ALERTS.csv; SECURITY_DEPENDENCY_TRIAGE.md
SD-005,erp-security-discovery:b09c48e (debian 12.15),libgcc-s1,12.2.0-14+deb12u1,CVE-2022-27943,unknown,LOW,affected,UNRESOLVED,OPEN,https://avd.aquasec.com/nvd/cve-2022-27943,Package/version detected; specific vulnerable entry point and untrusted input reachability not demonstrated,DEPENDENCY_ALERTS.csv; SECURITY_DEPENDENCY_TRIAGE.md
SD-005,erp-security-discovery:b09c48e (debian 12.15),libgcrypt20,1.10.1-3+deb12u1,CVE-2018-6829,unknown,LOW,affected,UNRESOLVED,OPEN,https://avd.aquasec.com/nvd/cve-2018-6829,Package/version detected; specific vulnerable entry point and untrusted input reachability not demonstrated,DEPENDENCY_ALERTS.csv; SECURITY_DEPENDENCY_TRIAGE.md
SD-005,erp-security-discovery:b09c48e (debian 12.15),libgcrypt20,1.10.1-3+deb12u1,CVE-2024-2236,unknown,LOW,affected,UNRESOLVED,OPEN,https://avd.aquasec.com/nvd/cve-2024-2236,Package/version detected; specific vulnerable entry point and untrusted input reachability not demonstrated,DEPENDENCY_ALERTS.csv; SECURITY_DEPENDENCY_TRIAGE.md
SD-005,erp-security-discovery:b09c48e (debian 12.15),libgnutls30,3.7.9-2+deb12u7,CVE-2011-3389,unknown,LOW,affected,UNRESOLVED,OPEN,https://avd.aquasec.com/nvd/cve-2011-3389,Package/version detected; specific vulnerable entry point and untrusted input reachability not demonstrated,DEPENDENCY_ALERTS.csv; SECURITY_DEPENDENCY_TRIAGE.md
SD-005,erp-security-discovery:b09c48e (debian 12.15),libmount1,2.38.1-5+deb12u3,CVE-2026-53613,unknown,HIGH,affected,UNRESOLVED,OPEN,https://avd.aquasec.com/nvd/cve-2026-53613,Package/version detected; specific vulnerable entry point and untrusted input reachability not demonstrated,DEPENDENCY_ALERTS.csv; SECURITY_DEPENDENCY_TRIAGE.md
SD-005,erp-security-discovery:b09c48e (debian 12.15),libmount1,2.38.1-5+deb12u3,CVE-2026-76642,unknown,HIGH,affected,UNRESOLVED,OPEN,https://avd.aquasec.com/nvd/cve-2026-76642,Package/version detected; specific vulnerable entry point and untrusted input reachability not demonstrated,DEPENDENCY_ALERTS.csv; SECURITY_DEPENDENCY_TRIAGE.md
SD-005,erp-security-discovery:b09c48e (debian 12.15),libmount1,2.38.1-5+deb12u3,CVE-2026-78408,unknown,HIGH,affected,UNRESOLVED,OPEN,https://avd.aquasec.com/nvd/cve-2026-78408,Package/version detected; specific vulnerable entry point and untrusted input reachability not demonstrated,DEPENDENCY_ALERTS.csv; SECURITY_DEPENDENCY_TRIAGE.md
SD-005,erp-security-discovery:b09c48e (debian 12.15),libmount1,2.38.1-5+deb12u3,CVE-2026-78409,unknown,HIGH,affected,UNRESOLVED,OPEN,https://avd.aquasec.com/nvd/cve-2026-78409,Package/version detected; specific vulnerable entry point and untrusted input reachability not demonstrated,DEPENDENCY_ALERTS.csv; SECURITY_DEPENDENCY_TRIAGE.md
SD-005,erp-security-discovery:b09c48e (debian 12.15),libmount1,2.38.1-5+deb12u3,CVE-2026-78410,unknown,HIGH,affected,UNRESOLVED,OPEN,https://avd.aquasec.com/nvd/cve-2026-78410,Package/version detected; specific vulnerable entry point and untrusted input reachability not demonstrated,DEPENDENCY_ALERTS.csv; SECURITY_DEPENDENCY_TRIAGE.md
SD-005,erp-security-discovery:b09c48e (debian 12.15),libmount1,2.38.1-5+deb12u3,CVE-2026-13595,unknown,MEDIUM,affected,UNRESOLVED,OPEN,https://avd.aquasec.com/nvd/cve-2026-13595,Package/version detected; specific vulnerable entry point and untrusted input reachability not demonstrated,DEPENDENCY_ALERTS.csv; SECURITY_DEPENDENCY_TRIAGE.md
SD-005,erp-security-discovery:b09c48e (debian 12.15),libmount1,2.38.1-5+deb12u3,CVE-2026-27456,unknown,MEDIUM,affected,UNRESOLVED,OPEN,https://avd.aquasec.com/nvd/cve-2026-27456,Package/version detected; specific vulnerable entry point and untrusted input reachability not demonstrated,DEPENDENCY_ALERTS.csv; SECURITY_DEPENDENCY_TRIAGE.md
SD-005,erp-security-discovery:b09c48e (debian 12.15),libmount1,2.38.1-5+deb12u3,CVE-2026-3184,unknown,MEDIUM,will_not_fix,UNRESOLVED,OPEN,https://avd.aquasec.com/nvd/cve-2026-3184,Package/version detected; specific vulnerable entry point and untrusted input reachability not demonstrated,DEPENDENCY_ALERTS.csv; SECURITY_DEPENDENCY_TRIAGE.md
SD-005,erp-security-discovery:b09c48e (debian 12.15),libmount1,2.38.1-5+deb12u3,CVE-2026-53615,unknown,MEDIUM,affected,UNRESOLVED,OPEN,https://avd.aquasec.com/nvd/cve-2026-53615,Package/version detected; specific vulnerable entry point and untrusted input reachability not demonstrated,DEPENDENCY_ALERTS.csv; SECURITY_DEPENDENCY_TRIAGE.md
SD-005,erp-security-discovery:b09c48e (debian 12.15),libmount1,2.38.1-5+deb12u3,CVE-2022-0563,unknown,LOW,affected,UNRESOLVED,OPEN,https://avd.aquasec.com/nvd/cve-2022-0563,Package/version detected; specific vulnerable entry point and untrusted input reachability not demonstrated,DEPENDENCY_ALERTS.csv; SECURITY_DEPENDENCY_TRIAGE.md
SD-005,erp-security-discovery:b09c48e (debian 12.15),libmount1,2.38.1-5+deb12u3,CVE-2025-14104,unknown,LOW,affected,UNRESOLVED,OPEN,https://avd.aquasec.com/nvd/cve-2025-14104,Package/version detected; specific vulnerable entry point and untrusted input reachability not demonstrated,DEPENDENCY_ALERTS.csv; SECURITY_DEPENDENCY_TRIAGE.md
SD-005,erp-security-discovery:b09c48e (debian 12.15),libncursesw6,6.4-4,CVE-2025-69720,unknown,HIGH,affected,UNRESOLVED,OPEN,https://avd.aquasec.com/nvd/cve-2025-69720,Package/version detected; specific vulnerable entry point and untrusted input reachability not demonstrated,DEPENDENCY_ALERTS.csv; SECURITY_DEPENDENCY_TRIAGE.md
SD-005,erp-security-discovery:b09c48e (debian 12.15),libncursesw6,6.4-4,CVE-2023-50495,unknown,MEDIUM,affected,UNRESOLVED,OPEN,https://avd.aquasec.com/nvd/cve-2023-50495,Package/version detected; specific vulnerable entry point and untrusted input reachability not demonstrated,DEPENDENCY_ALERTS.csv; SECURITY_DEPENDENCY_TRIAGE.md
SD-005,erp-security-discovery:b09c48e (debian 12.15),libncursesw6,6.4-4,CVE-2025-6141,unknown,LOW,affected,UNRESOLVED,OPEN,https://avd.aquasec.com/nvd/cve-2025-6141,Package/version detected; specific vulnerable entry point and untrusted input reachability not demonstrated,DEPENDENCY_ALERTS.csv; SECURITY_DEPENDENCY_TRIAGE.md
SD-005,erp-security-discovery:b09c48e (debian 12.15),libp11-kit0,0.24.1-2,CVE-2026-13757,unknown,MEDIUM,fix_deferred,UNRESOLVED,OPEN,https://avd.aquasec.com/nvd/cve-2026-13757,Package/version detected; specific vulnerable entry point and untrusted input reachability not demonstrated,DEPENDENCY_ALERTS.csv; SECURITY_DEPENDENCY_TRIAGE.md
SD-005,erp-security-discovery:b09c48e (debian 12.15),libp11-kit0,0.24.1-2,CVE-2026-18938,unknown,MEDIUM,fix_deferred,UNRESOLVED,OPEN,https://avd.aquasec.com/nvd/cve-2026-18938,Package/version detected; specific vulnerable entry point and untrusted input reachability not demonstrated,DEPENDENCY_ALERTS.csv; SECURITY_DEPENDENCY_TRIAGE.md
SD-005,erp-security-discovery:b09c48e (debian 12.15),libpam-modules,1.5.2-6+deb12u2,CVE-2024-10041,unknown,MEDIUM,will_not_fix,UNRESOLVED,OPEN,https://avd.aquasec.com/nvd/cve-2024-10041,Package/version detected; specific vulnerable entry point and untrusted input reachability not demonstrated,DEPENDENCY_ALERTS.csv; SECURITY_DEPENDENCY_TRIAGE.md
SD-005,erp-security-discovery:b09c48e (debian 12.15),libpam-modules,1.5.2-6+deb12u2,CVE-2026-54411,unknown,MEDIUM,fix_deferred,UNRESOLVED,OPEN,https://avd.aquasec.com/nvd/cve-2026-54411,Package/version detected; specific vulnerable entry point and untrusted input reachability not demonstrated,DEPENDENCY_ALERTS.csv; SECURITY_DEPENDENCY_TRIAGE.md
SD-005,erp-security-discovery:b09c48e (debian 12.15),libpam-modules-bin,1.5.2-6+deb12u2,CVE-2024-10041,unknown,MEDIUM,will_not_fix,UNRESOLVED,OPEN,https://avd.aquasec.com/nvd/cve-2024-10041,Package/version detected; specific vulnerable entry point and untrusted input reachability not demonstrated,DEPENDENCY_ALERTS.csv; SECURITY_DEPENDENCY_TRIAGE.md
SD-005,erp-security-discovery:b09c48e (debian 12.15),libpam-modules-bin,1.5.2-6+deb12u2,CVE-2026-54411,unknown,MEDIUM,fix_deferred,UNRESOLVED,OPEN,https://avd.aquasec.com/nvd/cve-2026-54411,Package/version detected; specific vulnerable entry point and untrusted input reachability not demonstrated,DEPENDENCY_ALERTS.csv; SECURITY_DEPENDENCY_TRIAGE.md
SD-005,erp-security-discovery:b09c48e (debian 12.15),libpam-runtime,1.5.2-6+deb12u2,CVE-2024-10041,unknown,MEDIUM,will_not_fix,UNRESOLVED,OPEN,https://avd.aquasec.com/nvd/cve-2024-10041,Package/version detected; specific vulnerable entry point and untrusted input reachability not demonstrated,DEPENDENCY_ALERTS.csv; SECURITY_DEPENDENCY_TRIAGE.md
SD-005,erp-security-discovery:b09c48e (debian 12.15),libpam-runtime,1.5.2-6+deb12u2,CVE-2026-54411,unknown,MEDIUM,fix_deferred,UNRESOLVED,OPEN,https://avd.aquasec.com/nvd/cve-2026-54411,Package/version detected; specific vulnerable entry point and untrusted input reachability not demonstrated,DEPENDENCY_ALERTS.csv; SECURITY_DEPENDENCY_TRIAGE.md
SD-005,erp-security-discovery:b09c48e (debian 12.15),libpam0g,1.5.2-6+deb12u2,CVE-2024-10041,unknown,MEDIUM,will_not_fix,UNRESOLVED,OPEN,https://avd.aquasec.com/nvd/cve-2024-10041,Package/version detected; specific vulnerable entry point and untrusted input reachability not demonstrated,DEPENDENCY_ALERTS.csv; SECURITY_DEPENDENCY_TRIAGE.md
SD-005,erp-security-discovery:b09c48e (debian 12.15),libpam0g,1.5.2-6+deb12u2,CVE-2026-54411,unknown,MEDIUM,fix_deferred,UNRESOLVED,OPEN,https://avd.aquasec.com/nvd/cve-2026-54411,Package/version detected; specific vulnerable entry point and untrusted input reachability not demonstrated,DEPENDENCY_ALERTS.csv; SECURITY_DEPENDENCY_TRIAGE.md
SD-005,erp-security-discovery:b09c48e (debian 12.15),libpcre2-8-0,10.42-1+deb12u1,TEMP-1149217-B31E38,unknown,UNKNOWN,affected,UNRESOLVED,OPEN,https://security-tracker.debian.org/tracker/TEMP-1149217-B31E38,Package/version detected; specific vulnerable entry point and untrusted input reachability not demonstrated,DEPENDENCY_ALERTS.csv; SECURITY_DEPENDENCY_TRIAGE.md
SD-005,erp-security-discovery:b09c48e (debian 12.15),libsmartcols1,2.38.1-5+deb12u3,CVE-2026-53613,unknown,HIGH,affected,UNRESOLVED,OPEN,https://avd.aquasec.com/nvd/cve-2026-53613,Package/version detected; specific vulnerable entry point and untrusted input reachability not demonstrated,DEPENDENCY_ALERTS.csv; SECURITY_DEPENDENCY_TRIAGE.md
SD-005,erp-security-discovery:b09c48e (debian 12.15),libsmartcols1,2.38.1-5+deb12u3,CVE-2026-76642,unknown,HIGH,affected,UNRESOLVED,OPEN,https://avd.aquasec.com/nvd/cve-2026-76642,Package/version detected; specific vulnerable entry point and untrusted input reachability not demonstrated,DEPENDENCY_ALERTS.csv; SECURITY_DEPENDENCY_TRIAGE.md
SD-005,erp-security-discovery:b09c48e (debian 12.15),libsmartcols1,2.38.1-5+deb12u3,CVE-2026-78408,unknown,HIGH,affected,UNRESOLVED,OPEN,https://avd.aquasec.com/nvd/cve-2026-78408,Package/version detected; specific vulnerable entry point and untrusted input reachability not demonstrated,DEPENDENCY_ALERTS.csv; SECURITY_DEPENDENCY_TRIAGE.md
SD-005,erp-security-discovery:b09c48e (debian 12.15),libsmartcols1,2.38.1-5+deb12u3,CVE-2026-78409,unknown,HIGH,affected,UNRESOLVED,OPEN,https://avd.aquasec.com/nvd/cve-2026-78409,Package/version detected; specific vulnerable entry point and untrusted input reachability not demonstrated,DEPENDENCY_ALERTS.csv; SECURITY_DEPENDENCY_TRIAGE.md
SD-005,erp-security-discovery:b09c48e (debian 12.15),libsmartcols1,2.38.1-5+deb12u3,CVE-2026-78410,unknown,HIGH,affected,UNRESOLVED,OPEN,https://avd.aquasec.com/nvd/cve-2026-78410,Package/version detected; specific vulnerable entry point and untrusted input reachability not demonstrated,DEPENDENCY_ALERTS.csv; SECURITY_DEPENDENCY_TRIAGE.md
SD-005,erp-security-discovery:b09c48e (debian 12.15),libsmartcols1,2.38.1-5+deb12u3,CVE-2026-13595,unknown,MEDIUM,affected,UNRESOLVED,OPEN,https://avd.aquasec.com/nvd/cve-2026-13595,Package/version detected; specific vulnerable entry point and untrusted input reachability not demonstrated,DEPENDENCY_ALERTS.csv; SECURITY_DEPENDENCY_TRIAGE.md
SD-005,erp-security-discovery:b09c48e (debian 12.15),libsmartcols1,2.38.1-5+deb12u3,CVE-2026-27456,unknown,MEDIUM,affected,UNRESOLVED,OPEN,https://avd.aquasec.com/nvd/cve-2026-27456,Package/version detected; specific vulnerable entry point and untrusted input reachability not demonstrated,DEPENDENCY_ALERTS.csv; SECURITY_DEPENDENCY_TRIAGE.md
SD-005,erp-security-discovery:b09c48e (debian 12.15),libsmartcols1,2.38.1-5+deb12u3,CVE-2026-3184,unknown,MEDIUM,will_not_fix,UNRESOLVED,OPEN,https://avd.aquasec.com/nvd/cve-2026-3184,Package/version detected; specific vulnerable entry point and untrusted input reachability not demonstrated,DEPENDENCY_ALERTS.csv; SECURITY_DEPENDENCY_TRIAGE.md
SD-005,erp-security-discovery:b09c48e (debian 12.15),libsmartcols1,2.38.1-5+deb12u3,CVE-2026-53615,unknown,MEDIUM,affected,UNRESOLVED,OPEN,https://avd.aquasec.com/nvd/cve-2026-53615,Package/version detected; specific vulnerable entry point and untrusted input reachability not demonstrated,DEPENDENCY_ALERTS.csv; SECURITY_DEPENDENCY_TRIAGE.md
SD-005,erp-security-discovery:b09c48e (debian 12.15),libsmartcols1,2.38.1-5+deb12u3,CVE-2022-0563,unknown,LOW,affected,UNRESOLVED,OPEN,https://avd.aquasec.com/nvd/cve-2022-0563,Package/version detected; specific vulnerable entry point and untrusted input reachability not demonstrated,DEPENDENCY_ALERTS.csv; SECURITY_DEPENDENCY_TRIAGE.md
SD-005,erp-security-discovery:b09c48e (debian 12.15),libsmartcols1,2.38.1-5+deb12u3,CVE-2025-14104,unknown,LOW,affected,UNRESOLVED,OPEN,https://avd.aquasec.com/nvd/cve-2025-14104,Package/version detected; specific vulnerable entry point and untrusted input reachability not demonstrated,DEPENDENCY_ALERTS.csv; SECURITY_DEPENDENCY_TRIAGE.md
SD-005,erp-security-discovery:b09c48e (debian 12.15),libsqlite3-0,3.40.1-2+deb12u2,CVE-2025-7458,unknown,CRITICAL,affected,UNRESOLVED,OPEN,https://avd.aquasec.com/nvd/cve-2025-7458,Package/version detected; specific vulnerable entry point and untrusted input reachability not demonstrated,DEPENDENCY_ALERTS.csv; SECURITY_DEPENDENCY_TRIAGE.md
SD-005,erp-security-discovery:b09c48e (debian 12.15),libsqlite3-0,3.40.1-2+deb12u2,CVE-2026-11822,unknown,HIGH,fix_deferred,UNRESOLVED,OPEN,https://avd.aquasec.com/nvd/cve-2026-11822,Package/version detected; specific vulnerable entry point and untrusted input reachability not demonstrated,DEPENDENCY_ALERTS.csv; SECURITY_DEPENDENCY_TRIAGE.md
SD-005,erp-security-discovery:b09c48e (debian 12.15),libsqlite3-0,3.40.1-2+deb12u2,CVE-2026-11824,unknown,HIGH,fix_deferred,UNRESOLVED,OPEN,https://avd.aquasec.com/nvd/cve-2026-11824,Package/version detected; specific vulnerable entry point and untrusted input reachability not demonstrated,DEPENDENCY_ALERTS.csv; SECURITY_DEPENDENCY_TRIAGE.md
SD-005,erp-security-discovery:b09c48e (debian 12.15),libsqlite3-0,3.40.1-2+deb12u2,CVE-2025-7709,unknown,MEDIUM,affected,UNRESOLVED,OPEN,https://avd.aquasec.com/nvd/cve-2025-7709,Package/version detected; specific vulnerable entry point and untrusted input reachability not demonstrated,DEPENDENCY_ALERTS.csv; SECURITY_DEPENDENCY_TRIAGE.md
SD-005,erp-security-discovery:b09c48e (debian 12.15),libsqlite3-0,3.40.1-2+deb12u2,CVE-2026-50812,unknown,MEDIUM,fix_deferred,UNRESOLVED,OPEN,https://avd.aquasec.com/nvd/cve-2026-50812,Package/version detected; specific vulnerable entry point and untrusted input reachability not demonstrated,DEPENDENCY_ALERTS.csv; SECURITY_DEPENDENCY_TRIAGE.md
SD-005,erp-security-discovery:b09c48e (debian 12.15),libsqlite3-0,3.40.1-2+deb12u2,CVE-2026-50813,unknown,MEDIUM,fix_deferred,UNRESOLVED,OPEN,https://avd.aquasec.com/nvd/cve-2026-50813,Package/version detected; specific vulnerable entry point and untrusted input reachability not demonstrated,DEPENDENCY_ALERTS.csv; SECURITY_DEPENDENCY_TRIAGE.md
SD-005,erp-security-discovery:b09c48e (debian 12.15),libsqlite3-0,3.40.1-2+deb12u2,CVE-2021-45346,unknown,LOW,affected,UNRESOLVED,OPEN,https://avd.aquasec.com/nvd/cve-2021-45346,Package/version detected; specific vulnerable entry point and untrusted input reachability not demonstrated,DEPENDENCY_ALERTS.csv; SECURITY_DEPENDENCY_TRIAGE.md
SD-005,erp-security-discovery:b09c48e (debian 12.15),libsqlite3-0,3.40.1-2+deb12u2,CVE-2025-29088,unknown,LOW,affected,UNRESOLVED,OPEN,https://avd.aquasec.com/nvd/cve-2025-29088,Package/version detected; specific vulnerable entry point and untrusted input reachability not demonstrated,DEPENDENCY_ALERTS.csv; SECURITY_DEPENDENCY_TRIAGE.md
SD-005,erp-security-discovery:b09c48e (debian 12.15),libsqlite3-0,3.40.1-2+deb12u2,CVE-2025-70873,unknown,LOW,affected,UNRESOLVED,OPEN,https://avd.aquasec.com/nvd/cve-2025-70873,Package/version detected; specific vulnerable entry point and untrusted input reachability not demonstrated,DEPENDENCY_ALERTS.csv; SECURITY_DEPENDENCY_TRIAGE.md
SD-005,erp-security-discovery:b09c48e (debian 12.15),libssl3,3.0.20-1~deb12u2,CVE-2026-63072,3.0.22-1~deb12u1,MEDIUM,fixed,UNRESOLVED,OPEN,https://avd.aquasec.com/nvd/cve-2026-63072,Package/version detected; specific vulnerable entry point and untrusted input reachability not demonstrated,DEPENDENCY_ALERTS.csv; SECURITY_DEPENDENCY_TRIAGE.md
SD-005,erp-security-discovery:b09c48e (debian 12.15),libssl3,3.0.20-1~deb12u2,CVE-2026-63076,3.0.22-1~deb12u1,MEDIUM,fixed,UNRESOLVED,OPEN,https://avd.aquasec.com/nvd/cve-2026-63076,Package/version detected; specific vulnerable entry point and untrusted input reachability not demonstrated,DEPENDENCY_ALERTS.csv; SECURITY_DEPENDENCY_TRIAGE.md
SD-005,erp-security-discovery:b09c48e (debian 12.15),libssl3,3.0.20-1~deb12u2,CVE-2025-27587,unknown,LOW,affected,UNRESOLVED,OPEN,https://avd.aquasec.com/nvd/cve-2025-27587,Package/version detected; specific vulnerable entry point and untrusted input reachability not demonstrated,DEPENDENCY_ALERTS.csv; SECURITY_DEPENDENCY_TRIAGE.md
SD-005,erp-security-discovery:b09c48e (debian 12.15),libssl3,3.0.20-1~deb12u2,CVE-2026-42767,3.0.22-1~deb12u1,LOW,fixed,UNRESOLVED,OPEN,https://avd.aquasec.com/nvd/cve-2026-42767,Package/version detected; specific vulnerable entry point and untrusted input reachability not demonstrated,DEPENDENCY_ALERTS.csv; SECURITY_DEPENDENCY_TRIAGE.md
SD-005,erp-security-discovery:b09c48e (debian 12.15),libssl3,3.0.20-1~deb12u2,CVE-2026-54874,3.0.22-1~deb12u1,LOW,fixed,UNRESOLVED,OPEN,https://avd.aquasec.com/nvd/cve-2026-54874,Package/version detected; specific vulnerable entry point and untrusted input reachability not demonstrated,DEPENDENCY_ALERTS.csv; SECURITY_DEPENDENCY_TRIAGE.md
SD-005,erp-security-discovery:b09c48e (debian 12.15),libssl3,3.0.20-1~deb12u2,CVE-2026-63074,3.0.22-1~deb12u1,LOW,fixed,UNRESOLVED,OPEN,https://avd.aquasec.com/nvd/cve-2026-63074,Package/version detected; specific vulnerable entry point and untrusted input reachability not demonstrated,DEPENDENCY_ALERTS.csv; SECURITY_DEPENDENCY_TRIAGE.md
SD-005,erp-security-discovery:b09c48e (debian 12.15),libssl3,3.0.20-1~deb12u2,CVE-2026-75803,3.0.22-1~deb12u1,LOW,fixed,UNRESOLVED,OPEN,https://avd.aquasec.com/nvd/cve-2026-75803,Package/version detected; specific vulnerable entry point and untrusted input reachability not demonstrated,DEPENDENCY_ALERTS.csv; SECURITY_DEPENDENCY_TRIAGE.md
SD-005,erp-security-discovery:b09c48e (debian 12.15),libstdc++6,12.2.0-14+deb12u1,CVE-2022-27943,unknown,LOW,affected,UNRESOLVED,OPEN,https://avd.aquasec.com/nvd/cve-2022-27943,Package/version detected; specific vulnerable entry point and untrusted input reachability not demonstrated,DEPENDENCY_ALERTS.csv; SECURITY_DEPENDENCY_TRIAGE.md
SD-005,erp-security-discovery:b09c48e (debian 12.15),libsystemd0,252.39-1~deb12u2,CVE-2026-16742,unknown,HIGH,fix_deferred,UNRESOLVED,OPEN,https://avd.aquasec.com/nvd/cve-2026-16742,Package/version detected; specific vulnerable entry point and untrusted input reachability not demonstrated,DEPENDENCY_ALERTS.csv; SECURITY_DEPENDENCY_TRIAGE.md
SD-005,erp-security-discovery:b09c48e (debian 12.15),libsystemd0,252.39-1~deb12u2,CVE-2026-15059,unknown,MEDIUM,fix_deferred,UNRESOLVED,OPEN,https://avd.aquasec.com/nvd/cve-2026-15059,Package/version detected; specific vulnerable entry point and untrusted input reachability not demonstrated,DEPENDENCY_ALERTS.csv; SECURITY_DEPENDENCY_TRIAGE.md
SD-005,erp-security-discovery:b09c48e (debian 12.15),libsystemd0,252.39-1~deb12u2,CVE-2013-4392,unknown,LOW,affected,UNRESOLVED,OPEN,https://avd.aquasec.com/nvd/cve-2013-4392,Package/version detected; specific vulnerable entry point and untrusted input reachability not demonstrated,DEPENDENCY_ALERTS.csv; SECURITY_DEPENDENCY_TRIAGE.md
SD-005,erp-security-discovery:b09c48e (debian 12.15),libsystemd0,252.39-1~deb12u2,CVE-2023-31437,unknown,LOW,affected,UNRESOLVED,OPEN,https://avd.aquasec.com/nvd/cve-2023-31437,Package/version detected; specific vulnerable entry point and untrusted input reachability not demonstrated,DEPENDENCY_ALERTS.csv; SECURITY_DEPENDENCY_TRIAGE.md
SD-005,erp-security-discovery:b09c48e (debian 12.15),libsystemd0,252.39-1~deb12u2,CVE-2023-31438,unknown,LOW,affected,UNRESOLVED,OPEN,https://avd.aquasec.com/nvd/cve-2023-31438,Package/version detected; specific vulnerable entry point and untrusted input reachability not demonstrated,DEPENDENCY_ALERTS.csv; SECURITY_DEPENDENCY_TRIAGE.md
SD-005,erp-security-discovery:b09c48e (debian 12.15),libsystemd0,252.39-1~deb12u2,CVE-2023-31439,unknown,LOW,affected,UNRESOLVED,OPEN,https://avd.aquasec.com/nvd/cve-2023-31439,Package/version detected; specific vulnerable entry point and untrusted input reachability not demonstrated,DEPENDENCY_ALERTS.csv; SECURITY_DEPENDENCY_TRIAGE.md
SD-005,erp-security-discovery:b09c48e (debian 12.15),libsystemd0,252.39-1~deb12u2,CVE-2026-40228,unknown,LOW,affected,UNRESOLVED,OPEN,https://avd.aquasec.com/nvd/cve-2026-40228,Package/version detected; specific vulnerable entry point and untrusted input reachability not demonstrated,DEPENDENCY_ALERTS.csv; SECURITY_DEPENDENCY_TRIAGE.md
SD-005,erp-security-discovery:b09c48e (debian 12.15),libtasn1-6,4.19.0-2+deb12u1,CVE-2025-13151,unknown,LOW,affected,UNRESOLVED,OPEN,https://avd.aquasec.com/nvd/cve-2025-13151,Package/version detected; specific vulnerable entry point and untrusted input reachability not demonstrated,DEPENDENCY_ALERTS.csv; SECURITY_DEPENDENCY_TRIAGE.md
SD-005,erp-security-discovery:b09c48e (debian 12.15),libtinfo6,6.4-4,CVE-2025-69720,unknown,HIGH,affected,UNRESOLVED,OPEN,https://avd.aquasec.com/nvd/cve-2025-69720,Package/version detected; specific vulnerable entry point and untrusted input reachability not demonstrated,DEPENDENCY_ALERTS.csv; SECURITY_DEPENDENCY_TRIAGE.md
SD-005,erp-security-discovery:b09c48e (debian 12.15),libtinfo6,6.4-4,CVE-2023-50495,unknown,MEDIUM,affected,UNRESOLVED,OPEN,https://avd.aquasec.com/nvd/cve-2023-50495,Package/version detected; specific vulnerable entry point and untrusted input reachability not demonstrated,DEPENDENCY_ALERTS.csv; SECURITY_DEPENDENCY_TRIAGE.md
SD-005,erp-security-discovery:b09c48e (debian 12.15),libtinfo6,6.4-4,CVE-2025-6141,unknown,LOW,affected,UNRESOLVED,OPEN,https://avd.aquasec.com/nvd/cve-2025-6141,Package/version detected; specific vulnerable entry point and untrusted input reachability not demonstrated,DEPENDENCY_ALERTS.csv; SECURITY_DEPENDENCY_TRIAGE.md
SD-005,erp-security-discovery:b09c48e (debian 12.15),libudev1,252.39-1~deb12u2,CVE-2026-16742,unknown,HIGH,fix_deferred,UNRESOLVED,OPEN,https://avd.aquasec.com/nvd/cve-2026-16742,Package/version detected; specific vulnerable entry point and untrusted input reachability not demonstrated,DEPENDENCY_ALERTS.csv; SECURITY_DEPENDENCY_TRIAGE.md
SD-005,erp-security-discovery:b09c48e (debian 12.15),libudev1,252.39-1~deb12u2,CVE-2026-15059,unknown,MEDIUM,fix_deferred,UNRESOLVED,OPEN,https://avd.aquasec.com/nvd/cve-2026-15059,Package/version detected; specific vulnerable entry point and untrusted input reachability not demonstrated,DEPENDENCY_ALERTS.csv; SECURITY_DEPENDENCY_TRIAGE.md
SD-005,erp-security-discovery:b09c48e (debian 12.15),libudev1,252.39-1~deb12u2,CVE-2013-4392,unknown,LOW,affected,UNRESOLVED,OPEN,https://avd.aquasec.com/nvd/cve-2013-4392,Package/version detected; specific vulnerable entry point and untrusted input reachability not demonstrated,DEPENDENCY_ALERTS.csv; SECURITY_DEPENDENCY_TRIAGE.md
SD-005,erp-security-discovery:b09c48e (debian 12.15),libudev1,252.39-1~deb12u2,CVE-2023-31437,unknown,LOW,affected,UNRESOLVED,OPEN,https://avd.aquasec.com/nvd/cve-2023-31437,Package/version detected; specific vulnerable entry point and untrusted input reachability not demonstrated,DEPENDENCY_ALERTS.csv; SECURITY_DEPENDENCY_TRIAGE.md
SD-005,erp-security-discovery:b09c48e (debian 12.15),libudev1,252.39-1~deb12u2,CVE-2023-31438,unknown,LOW,affected,UNRESOLVED,OPEN,https://avd.aquasec.com/nvd/cve-2023-31438,Package/version detected; specific vulnerable entry point and untrusted input reachability not demonstrated,DEPENDENCY_ALERTS.csv; SECURITY_DEPENDENCY_TRIAGE.md
SD-005,erp-security-discovery:b09c48e (debian 12.15),libudev1,252.39-1~deb12u2,CVE-2023-31439,unknown,LOW,affected,UNRESOLVED,OPEN,https://avd.aquasec.com/nvd/cve-2023-31439,Package/version detected; specific vulnerable entry point and untrusted input reachability not demonstrated,DEPENDENCY_ALERTS.csv; SECURITY_DEPENDENCY_TRIAGE.md
SD-005,erp-security-discovery:b09c48e (debian 12.15),libudev1,252.39-1~deb12u2,CVE-2026-40228,unknown,LOW,affected,UNRESOLVED,OPEN,https://avd.aquasec.com/nvd/cve-2026-40228,Package/version detected; specific vulnerable entry point and untrusted input reachability not demonstrated,DEPENDENCY_ALERTS.csv; SECURITY_DEPENDENCY_TRIAGE.md
SD-005,erp-security-discovery:b09c48e (debian 12.15),libuuid1,2.38.1-5+deb12u3,CVE-2026-53613,unknown,HIGH,affected,UNRESOLVED,OPEN,https://avd.aquasec.com/nvd/cve-2026-53613,Package/version detected; specific vulnerable entry point and untrusted input reachability not demonstrated,DEPENDENCY_ALERTS.csv; SECURITY_DEPENDENCY_TRIAGE.md
SD-005,erp-security-discovery:b09c48e (debian 12.15),libuuid1,2.38.1-5+deb12u3,CVE-2026-76642,unknown,HIGH,affected,UNRESOLVED,OPEN,https://avd.aquasec.com/nvd/cve-2026-76642,Package/version detected; specific vulnerable entry point and untrusted input reachability not demonstrated,DEPENDENCY_ALERTS.csv; SECURITY_DEPENDENCY_TRIAGE.md
SD-005,erp-security-discovery:b09c48e (debian 12.15),libuuid1,2.38.1-5+deb12u3,CVE-2026-78408,unknown,HIGH,affected,UNRESOLVED,OPEN,https://avd.aquasec.com/nvd/cve-2026-78408,Package/version detected; specific vulnerable entry point and untrusted input reachability not demonstrated,DEPENDENCY_ALERTS.csv; SECURITY_DEPENDENCY_TRIAGE.md
SD-005,erp-security-discovery:b09c48e (debian 12.15),libuuid1,2.38.1-5+deb12u3,CVE-2026-78409,unknown,HIGH,affected,UNRESOLVED,OPEN,https://avd.aquasec.com/nvd/cve-2026-78409,Package/version detected; specific vulnerable entry point and untrusted input reachability not demonstrated,DEPENDENCY_ALERTS.csv; SECURITY_DEPENDENCY_TRIAGE.md
SD-005,erp-security-discovery:b09c48e (debian 12.15),libuuid1,2.38.1-5+deb12u3,CVE-2026-78410,unknown,HIGH,affected,UNRESOLVED,OPEN,https://avd.aquasec.com/nvd/cve-2026-78410,Package/version detected; specific vulnerable entry point and untrusted input reachability not demonstrated,DEPENDENCY_ALERTS.csv; SECURITY_DEPENDENCY_TRIAGE.md
SD-005,erp-security-discovery:b09c48e (debian 12.15),libuuid1,2.38.1-5+deb12u3,CVE-2026-13595,unknown,MEDIUM,affected,UNRESOLVED,OPEN,https://avd.aquasec.com/nvd/cve-2026-13595,Package/version detected; specific vulnerable entry point and untrusted input reachability not demonstrated,DEPENDENCY_ALERTS.csv; SECURITY_DEPENDENCY_TRIAGE.md
SD-005,erp-security-discovery:b09c48e (debian 12.15),libuuid1,2.38.1-5+deb12u3,CVE-2026-27456,unknown,MEDIUM,affected,UNRESOLVED,OPEN,https://avd.aquasec.com/nvd/cve-2026-27456,Package/version detected; specific vulnerable entry point and untrusted input reachability not demonstrated,DEPENDENCY_ALERTS.csv; SECURITY_DEPENDENCY_TRIAGE.md
SD-005,erp-security-discovery:b09c48e (debian 12.15),libuuid1,2.38.1-5+deb12u3,CVE-2026-3184,unknown,MEDIUM,will_not_fix,UNRESOLVED,OPEN,https://avd.aquasec.com/nvd/cve-2026-3184,Package/version detected; specific vulnerable entry point and untrusted input reachability not demonstrated,DEPENDENCY_ALERTS.csv; SECURITY_DEPENDENCY_TRIAGE.md
SD-005,erp-security-discovery:b09c48e (debian 12.15),libuuid1,2.38.1-5+deb12u3,CVE-2026-53615,unknown,MEDIUM,affected,UNRESOLVED,OPEN,https://avd.aquasec.com/nvd/cve-2026-53615,Package/version detected; specific vulnerable entry point and untrusted input reachability not demonstrated,DEPENDENCY_ALERTS.csv; SECURITY_DEPENDENCY_TRIAGE.md
SD-005,erp-security-discovery:b09c48e (debian 12.15),libuuid1,2.38.1-5+deb12u3,CVE-2022-0563,unknown,LOW,affected,UNRESOLVED,OPEN,https://avd.aquasec.com/nvd/cve-2022-0563,Package/version detected; specific vulnerable entry point and untrusted input reachability not demonstrated,DEPENDENCY_ALERTS.csv; SECURITY_DEPENDENCY_TRIAGE.md
SD-005,erp-security-discovery:b09c48e (debian 12.15),libuuid1,2.38.1-5+deb12u3,CVE-2025-14104,unknown,LOW,affected,UNRESOLVED,OPEN,https://avd.aquasec.com/nvd/cve-2025-14104,Package/version detected; specific vulnerable entry point and untrusted input reachability not demonstrated,DEPENDENCY_ALERTS.csv; SECURITY_DEPENDENCY_TRIAGE.md
SD-005,erp-security-discovery:b09c48e (debian 12.15),login,1:4.13+dfsg1-1+deb12u2,CVE-2007-5686,unknown,LOW,affected,UNRESOLVED,OPEN,https://avd.aquasec.com/nvd/cve-2007-5686,Package/version detected; specific vulnerable entry point and untrusted input reachability not demonstrated,DEPENDENCY_ALERTS.csv; SECURITY_DEPENDENCY_TRIAGE.md
SD-005,erp-security-discovery:b09c48e (debian 12.15),login,1:4.13+dfsg1-1+deb12u2,CVE-2024-56433,unknown,LOW,affected,UNRESOLVED,OPEN,https://avd.aquasec.com/nvd/cve-2024-56433,Package/version detected; specific vulnerable entry point and untrusted input reachability not demonstrated,DEPENDENCY_ALERTS.csv; SECURITY_DEPENDENCY_TRIAGE.md
SD-005,erp-security-discovery:b09c48e (debian 12.15),login,1:4.13+dfsg1-1+deb12u2,TEMP-0628843-DBAD28,unknown,LOW,affected,UNRESOLVED,OPEN,https://security-tracker.debian.org/tracker/TEMP-0628843-DBAD28,Package/version detected; specific vulnerable entry point and untrusted input reachability not demonstrated,DEPENDENCY_ALERTS.csv; SECURITY_DEPENDENCY_TRIAGE.md
SD-005,erp-security-discovery:b09c48e (debian 12.15),mount,2.38.1-5+deb12u3,CVE-2026-53613,unknown,HIGH,affected,UNRESOLVED,OPEN,https://avd.aquasec.com/nvd/cve-2026-53613,Package/version detected; specific vulnerable entry point and untrusted input reachability not demonstrated,DEPENDENCY_ALERTS.csv; SECURITY_DEPENDENCY_TRIAGE.md
SD-005,erp-security-discovery:b09c48e (debian 12.15),mount,2.38.1-5+deb12u3,CVE-2026-76642,unknown,HIGH,affected,UNRESOLVED,OPEN,https://avd.aquasec.com/nvd/cve-2026-76642,Package/version detected; specific vulnerable entry point and untrusted input reachability not demonstrated,DEPENDENCY_ALERTS.csv; SECURITY_DEPENDENCY_TRIAGE.md
SD-005,erp-security-discovery:b09c48e (debian 12.15),mount,2.38.1-5+deb12u3,CVE-2026-78408,unknown,HIGH,affected,UNRESOLVED,OPEN,https://avd.aquasec.com/nvd/cve-2026-78408,Package/version detected; specific vulnerable entry point and untrusted input reachability not demonstrated,DEPENDENCY_ALERTS.csv; SECURITY_DEPENDENCY_TRIAGE.md
SD-005,erp-security-discovery:b09c48e (debian 12.15),mount,2.38.1-5+deb12u3,CVE-2026-78409,unknown,HIGH,affected,UNRESOLVED,OPEN,https://avd.aquasec.com/nvd/cve-2026-78409,Package/version detected; specific vulnerable entry point and untrusted input reachability not demonstrated,DEPENDENCY_ALERTS.csv; SECURITY_DEPENDENCY_TRIAGE.md
SD-005,erp-security-discovery:b09c48e (debian 12.15),mount,2.38.1-5+deb12u3,CVE-2026-78410,unknown,HIGH,affected,UNRESOLVED,OPEN,https://avd.aquasec.com/nvd/cve-2026-78410,Package/version detected; specific vulnerable entry point and untrusted input reachability not demonstrated,DEPENDENCY_ALERTS.csv; SECURITY_DEPENDENCY_TRIAGE.md
SD-005,erp-security-discovery:b09c48e (debian 12.15),mount,2.38.1-5+deb12u3,CVE-2026-13595,unknown,MEDIUM,affected,UNRESOLVED,OPEN,https://avd.aquasec.com/nvd/cve-2026-13595,Package/version detected; specific vulnerable entry point and untrusted input reachability not demonstrated,DEPENDENCY_ALERTS.csv; SECURITY_DEPENDENCY_TRIAGE.md
SD-005,erp-security-discovery:b09c48e (debian 12.15),mount,2.38.1-5+deb12u3,CVE-2026-27456,unknown,MEDIUM,affected,UNRESOLVED,OPEN,https://avd.aquasec.com/nvd/cve-2026-27456,Package/version detected; specific vulnerable entry point and untrusted input reachability not demonstrated,DEPENDENCY_ALERTS.csv; SECURITY_DEPENDENCY_TRIAGE.md
SD-005,erp-security-discovery:b09c48e (debian 12.15),mount,2.38.1-5+deb12u3,CVE-2026-3184,unknown,MEDIUM,will_not_fix,UNRESOLVED,OPEN,https://avd.aquasec.com/nvd/cve-2026-3184,Package/version detected; specific vulnerable entry point and untrusted input reachability not demonstrated,DEPENDENCY_ALERTS.csv; SECURITY_DEPENDENCY_TRIAGE.md
SD-005,erp-security-discovery:b09c48e (debian 12.15),mount,2.38.1-5+deb12u3,CVE-2026-53615,unknown,MEDIUM,affected,UNRESOLVED,OPEN,https://avd.aquasec.com/nvd/cve-2026-53615,Package/version detected; specific vulnerable entry point and untrusted input reachability not demonstrated,DEPENDENCY_ALERTS.csv; SECURITY_DEPENDENCY_TRIAGE.md
SD-005,erp-security-discovery:b09c48e (debian 12.15),mount,2.38.1-5+deb12u3,CVE-2022-0563,unknown,LOW,affected,UNRESOLVED,OPEN,https://avd.aquasec.com/nvd/cve-2022-0563,Package/version detected; specific vulnerable entry point and untrusted input reachability not demonstrated,DEPENDENCY_ALERTS.csv; SECURITY_DEPENDENCY_TRIAGE.md
SD-005,erp-security-discovery:b09c48e (debian 12.15),mount,2.38.1-5+deb12u3,CVE-2025-14104,unknown,LOW,affected,UNRESOLVED,OPEN,https://avd.aquasec.com/nvd/cve-2025-14104,Package/version detected; specific vulnerable entry point and untrusted input reachability not demonstrated,DEPENDENCY_ALERTS.csv; SECURITY_DEPENDENCY_TRIAGE.md
SD-005,erp-security-discovery:b09c48e (debian 12.15),ncurses-base,6.4-4,CVE-2025-69720,unknown,HIGH,affected,UNRESOLVED,OPEN,https://avd.aquasec.com/nvd/cve-2025-69720,Package/version detected; specific vulnerable entry point and untrusted input reachability not demonstrated,DEPENDENCY_ALERTS.csv; SECURITY_DEPENDENCY_TRIAGE.md
SD-005,erp-security-discovery:b09c48e (debian 12.15),ncurses-base,6.4-4,CVE-2023-50495,unknown,MEDIUM,affected,UNRESOLVED,OPEN,https://avd.aquasec.com/nvd/cve-2023-50495,Package/version detected; specific vulnerable entry point and untrusted input reachability not demonstrated,DEPENDENCY_ALERTS.csv; SECURITY_DEPENDENCY_TRIAGE.md
SD-005,erp-security-discovery:b09c48e (debian 12.15),ncurses-base,6.4-4,CVE-2025-6141,unknown,LOW,affected,UNRESOLVED,OPEN,https://avd.aquasec.com/nvd/cve-2025-6141,Package/version detected; specific vulnerable entry point and untrusted input reachability not demonstrated,DEPENDENCY_ALERTS.csv; SECURITY_DEPENDENCY_TRIAGE.md
SD-005,erp-security-discovery:b09c48e (debian 12.15),ncurses-bin,6.4-4,CVE-2025-69720,unknown,HIGH,affected,UNRESOLVED,OPEN,https://avd.aquasec.com/nvd/cve-2025-69720,Package/version detected; specific vulnerable entry point and untrusted input reachability not demonstrated,DEPENDENCY_ALERTS.csv; SECURITY_DEPENDENCY_TRIAGE.md
SD-005,erp-security-discovery:b09c48e (debian 12.15),ncurses-bin,6.4-4,CVE-2023-50495,unknown,MEDIUM,affected,UNRESOLVED,OPEN,https://avd.aquasec.com/nvd/cve-2023-50495,Package/version detected; specific vulnerable entry point and untrusted input reachability not demonstrated,DEPENDENCY_ALERTS.csv; SECURITY_DEPENDENCY_TRIAGE.md
SD-005,erp-security-discovery:b09c48e (debian 12.15),ncurses-bin,6.4-4,CVE-2025-6141,unknown,LOW,affected,UNRESOLVED,OPEN,https://avd.aquasec.com/nvd/cve-2025-6141,Package/version detected; specific vulnerable entry point and untrusted input reachability not demonstrated,DEPENDENCY_ALERTS.csv; SECURITY_DEPENDENCY_TRIAGE.md
SD-005,erp-security-discovery:b09c48e (debian 12.15),openssl,3.0.20-1~deb12u2,CVE-2026-63072,3.0.22-1~deb12u1,MEDIUM,fixed,UNRESOLVED,OPEN,https://avd.aquasec.com/nvd/cve-2026-63072,Package/version detected; specific vulnerable entry point and untrusted input reachability not demonstrated,DEPENDENCY_ALERTS.csv; SECURITY_DEPENDENCY_TRIAGE.md
SD-005,erp-security-discovery:b09c48e (debian 12.15),openssl,3.0.20-1~deb12u2,CVE-2026-63076,3.0.22-1~deb12u1,MEDIUM,fixed,UNRESOLVED,OPEN,https://avd.aquasec.com/nvd/cve-2026-63076,Package/version detected; specific vulnerable entry point and untrusted input reachability not demonstrated,DEPENDENCY_ALERTS.csv; SECURITY_DEPENDENCY_TRIAGE.md
SD-005,erp-security-discovery:b09c48e (debian 12.15),openssl,3.0.20-1~deb12u2,CVE-2025-27587,unknown,LOW,affected,UNRESOLVED,OPEN,https://avd.aquasec.com/nvd/cve-2025-27587,Package/version detected; specific vulnerable entry point and untrusted input reachability not demonstrated,DEPENDENCY_ALERTS.csv; SECURITY_DEPENDENCY_TRIAGE.md
SD-005,erp-security-discovery:b09c48e (debian 12.15),openssl,3.0.20-1~deb12u2,CVE-2026-42767,3.0.22-1~deb12u1,LOW,fixed,UNRESOLVED,OPEN,https://avd.aquasec.com/nvd/cve-2026-42767,Package/version detected; specific vulnerable entry point and untrusted input reachability not demonstrated,DEPENDENCY_ALERTS.csv; SECURITY_DEPENDENCY_TRIAGE.md
SD-005,erp-security-discovery:b09c48e (debian 12.15),openssl,3.0.20-1~deb12u2,CVE-2026-54874,3.0.22-1~deb12u1,LOW,fixed,UNRESOLVED,OPEN,https://avd.aquasec.com/nvd/cve-2026-54874,Package/version detected; specific vulnerable entry point and untrusted input reachability not demonstrated,DEPENDENCY_ALERTS.csv; SECURITY_DEPENDENCY_TRIAGE.md
SD-005,erp-security-discovery:b09c48e (debian 12.15),openssl,3.0.20-1~deb12u2,CVE-2026-63074,3.0.22-1~deb12u1,LOW,fixed,UNRESOLVED,OPEN,https://avd.aquasec.com/nvd/cve-2026-63074,Package/version detected; specific vulnerable entry point and untrusted input reachability not demonstrated,DEPENDENCY_ALERTS.csv; SECURITY_DEPENDENCY_TRIAGE.md
SD-005,erp-security-discovery:b09c48e (debian 12.15),openssl,3.0.20-1~deb12u2,CVE-2026-75803,3.0.22-1~deb12u1,LOW,fixed,UNRESOLVED,OPEN,https://avd.aquasec.com/nvd/cve-2026-75803,Package/version detected; specific vulnerable entry point and untrusted input reachability not demonstrated,DEPENDENCY_ALERTS.csv; SECURITY_DEPENDENCY_TRIAGE.md
SD-005,erp-security-discovery:b09c48e (debian 12.15),passwd,1:4.13+dfsg1-1+deb12u2,CVE-2007-5686,unknown,LOW,affected,UNRESOLVED,OPEN,https://avd.aquasec.com/nvd/cve-2007-5686,Package/version detected; specific vulnerable entry point and untrusted input reachability not demonstrated,DEPENDENCY_ALERTS.csv; SECURITY_DEPENDENCY_TRIAGE.md
SD-005,erp-security-discovery:b09c48e (debian 12.15),passwd,1:4.13+dfsg1-1+deb12u2,CVE-2024-56433,unknown,LOW,affected,UNRESOLVED,OPEN,https://avd.aquasec.com/nvd/cve-2024-56433,Package/version detected; specific vulnerable entry point and untrusted input reachability not demonstrated,DEPENDENCY_ALERTS.csv; SECURITY_DEPENDENCY_TRIAGE.md
SD-005,erp-security-discovery:b09c48e (debian 12.15),passwd,1:4.13+dfsg1-1+deb12u2,TEMP-0628843-DBAD28,unknown,LOW,affected,UNRESOLVED,OPEN,https://security-tracker.debian.org/tracker/TEMP-0628843-DBAD28,Package/version detected; specific vulnerable entry point and untrusted input reachability not demonstrated,DEPENDENCY_ALERTS.csv; SECURITY_DEPENDENCY_TRIAGE.md
SD-005,erp-security-discovery:b09c48e (debian 12.15),perl-base,5.36.0-7+deb12u3,CVE-2026-13221,unknown,CRITICAL,affected,UNRESOLVED,OPEN,https://avd.aquasec.com/nvd/cve-2026-13221,Package/version detected; specific vulnerable entry point and untrusted input reachability not demonstrated,DEPENDENCY_ALERTS.csv; SECURITY_DEPENDENCY_TRIAGE.md
SD-005,erp-security-discovery:b09c48e (debian 12.15),perl-base,5.36.0-7+deb12u3,CVE-2026-42496,unknown,CRITICAL,fix_deferred,UNRESOLVED,OPEN,https://avd.aquasec.com/nvd/cve-2026-42496,Package/version detected; specific vulnerable entry point and untrusted input reachability not demonstrated,DEPENDENCY_ALERTS.csv; SECURITY_DEPENDENCY_TRIAGE.md
SD-005,erp-security-discovery:b09c48e (debian 12.15),perl-base,5.36.0-7+deb12u3,CVE-2026-8376,unknown,CRITICAL,affected,UNRESOLVED,OPEN,https://avd.aquasec.com/nvd/cve-2026-8376,Package/version detected; specific vulnerable entry point and untrusted input reachability not demonstrated,DEPENDENCY_ALERTS.csv; SECURITY_DEPENDENCY_TRIAGE.md
SD-005,erp-security-discovery:b09c48e (debian 12.15),perl-base,5.36.0-7+deb12u3,CVE-2026-42497,unknown,HIGH,fix_deferred,UNRESOLVED,OPEN,https://avd.aquasec.com/nvd/cve-2026-42497,Package/version detected; specific vulnerable entry point and untrusted input reachability not demonstrated,DEPENDENCY_ALERTS.csv; SECURITY_DEPENDENCY_TRIAGE.md
SD-005,erp-security-discovery:b09c48e (debian 12.15),perl-base,5.36.0-7+deb12u3,CVE-2026-48962,unknown,HIGH,affected,UNRESOLVED,OPEN,https://avd.aquasec.com/nvd/cve-2026-48962,Package/version detected; specific vulnerable entry point and untrusted input reachability not demonstrated,DEPENDENCY_ALERTS.csv; SECURITY_DEPENDENCY_TRIAGE.md
SD-005,erp-security-discovery:b09c48e (debian 12.15),perl-base,5.36.0-7+deb12u3,CVE-2026-57432,unknown,HIGH,affected,UNRESOLVED,OPEN,https://avd.aquasec.com/nvd/cve-2026-57432,Package/version detected; specific vulnerable entry point and untrusted input reachability not demonstrated,DEPENDENCY_ALERTS.csv; SECURITY_DEPENDENCY_TRIAGE.md
SD-005,erp-security-discovery:b09c48e (debian 12.15),perl-base,5.36.0-7+deb12u3,CVE-2026-57433,unknown,HIGH,affected,UNRESOLVED,OPEN,https://avd.aquasec.com/nvd/cve-2026-57433,Package/version detected; specific vulnerable entry point and untrusted input reachability not demonstrated,DEPENDENCY_ALERTS.csv; SECURITY_DEPENDENCY_TRIAGE.md
SD-005,erp-security-discovery:b09c48e (debian 12.15),perl-base,5.36.0-7+deb12u3,CVE-2026-9538,unknown,HIGH,fix_deferred,UNRESOLVED,OPEN,https://avd.aquasec.com/nvd/cve-2026-9538,Package/version detected; specific vulnerable entry point and untrusted input reachability not demonstrated,DEPENDENCY_ALERTS.csv; SECURITY_DEPENDENCY_TRIAGE.md
SD-005,erp-security-discovery:b09c48e (debian 12.15),perl-base,5.36.0-7+deb12u3,CVE-2025-15649,unknown,MEDIUM,affected,UNRESOLVED,OPEN,https://avd.aquasec.com/nvd/cve-2025-15649,Package/version detected; specific vulnerable entry point and untrusted input reachability not demonstrated,DEPENDENCY_ALERTS.csv; SECURITY_DEPENDENCY_TRIAGE.md
SD-005,erp-security-discovery:b09c48e (debian 12.15),perl-base,5.36.0-7+deb12u3,CVE-2026-12087,unknown,MEDIUM,affected,UNRESOLVED,OPEN,https://avd.aquasec.com/nvd/cve-2026-12087,Package/version detected; specific vulnerable entry point and untrusted input reachability not demonstrated,DEPENDENCY_ALERTS.csv; SECURITY_DEPENDENCY_TRIAGE.md
SD-005,erp-security-discovery:b09c48e (debian 12.15),perl-base,5.36.0-7+deb12u3,CVE-2026-15534,unknown,MEDIUM,affected,UNRESOLVED,OPEN,https://avd.aquasec.com/nvd/cve-2026-15534,Package/version detected; specific vulnerable entry point and untrusted input reachability not demonstrated,DEPENDENCY_ALERTS.csv; SECURITY_DEPENDENCY_TRIAGE.md
SD-005,erp-security-discovery:b09c48e (debian 12.15),perl-base,5.36.0-7+deb12u3,CVE-2026-19487,unknown,MEDIUM,affected,UNRESOLVED,OPEN,https://avd.aquasec.com/nvd/cve-2026-19487,Package/version detected; specific vulnerable entry point and untrusted input reachability not demonstrated,DEPENDENCY_ALERTS.csv; SECURITY_DEPENDENCY_TRIAGE.md
SD-005,erp-security-discovery:b09c48e (debian 12.15),perl-base,5.36.0-7+deb12u3,CVE-2026-48959,unknown,MEDIUM,affected,UNRESOLVED,OPEN,https://avd.aquasec.com/nvd/cve-2026-48959,Package/version detected; specific vulnerable entry point and untrusted input reachability not demonstrated,DEPENDENCY_ALERTS.csv; SECURITY_DEPENDENCY_TRIAGE.md
SD-005,erp-security-discovery:b09c48e (debian 12.15),perl-base,5.36.0-7+deb12u3,CVE-2026-48961,unknown,MEDIUM,affected,UNRESOLVED,OPEN,https://avd.aquasec.com/nvd/cve-2026-48961,Package/version detected; specific vulnerable entry point and untrusted input reachability not demonstrated,DEPENDENCY_ALERTS.csv; SECURITY_DEPENDENCY_TRIAGE.md
SD-005,erp-security-discovery:b09c48e (debian 12.15),perl-base,5.36.0-7+deb12u3,CVE-2026-7010,unknown,MEDIUM,affected,UNRESOLVED,OPEN,https://avd.aquasec.com/nvd/cve-2026-7010,Package/version detected; specific vulnerable entry point and untrusted input reachability not demonstrated,DEPENDENCY_ALERTS.csv; SECURITY_DEPENDENCY_TRIAGE.md
SD-005,erp-security-discovery:b09c48e (debian 12.15),perl-base,5.36.0-7+deb12u3,CVE-2026-7017,unknown,MEDIUM,affected,UNRESOLVED,OPEN,https://avd.aquasec.com/nvd/cve-2026-7017,Package/version detected; specific vulnerable entry point and untrusted input reachability not demonstrated,DEPENDENCY_ALERTS.csv; SECURITY_DEPENDENCY_TRIAGE.md
SD-005,erp-security-discovery:b09c48e (debian 12.15),perl-base,5.36.0-7+deb12u3,CVE-2011-4116,unknown,LOW,affected,UNRESOLVED,OPEN,https://avd.aquasec.com/nvd/cve-2011-4116,Package/version detected; specific vulnerable entry point and untrusted input reachability not demonstrated,DEPENDENCY_ALERTS.csv; SECURITY_DEPENDENCY_TRIAGE.md
SD-005,erp-security-discovery:b09c48e (debian 12.15),perl-base,5.36.0-7+deb12u3,CVE-2023-31486,unknown,LOW,affected,UNRESOLVED,OPEN,https://avd.aquasec.com/nvd/cve-2023-31486,Package/version detected; specific vulnerable entry point and untrusted input reachability not demonstrated,DEPENDENCY_ALERTS.csv; SECURITY_DEPENDENCY_TRIAGE.md
SD-005,erp-security-discovery:b09c48e (debian 12.15),perl-base,5.36.0-7+deb12u3,CVE-2026-82560,unknown,UNKNOWN,affected,UNRESOLVED,OPEN,https://avd.aquasec.com/nvd/cve-2026-82560,Package/version detected; specific vulnerable entry point and untrusted input reachability not demonstrated,DEPENDENCY_ALERTS.csv; SECURITY_DEPENDENCY_TRIAGE.md
SD-005,erp-security-discovery:b09c48e (debian 12.15),sysvinit-utils,3.06-4,TEMP-0517018-A83CE6,unknown,LOW,affected,UNRESOLVED,OPEN,https://security-tracker.debian.org/tracker/TEMP-0517018-A83CE6,Package/version detected; specific vulnerable entry point and untrusted input reachability not demonstrated,DEPENDENCY_ALERTS.csv; SECURITY_DEPENDENCY_TRIAGE.md
SD-005,erp-security-discovery:b09c48e (debian 12.15),tar,1.34+dfsg-1.2+deb12u1,CVE-2026-18477,unknown,MEDIUM,fix_deferred,UNRESOLVED,OPEN,https://avd.aquasec.com/nvd/cve-2026-18477,Package/version detected; specific vulnerable entry point and untrusted input reachability not demonstrated,DEPENDENCY_ALERTS.csv; SECURITY_DEPENDENCY_TRIAGE.md
SD-005,erp-security-discovery:b09c48e (debian 12.15),tar,1.34+dfsg-1.2+deb12u1,CVE-2026-18508,unknown,MEDIUM,fix_deferred,UNRESOLVED,OPEN,https://avd.aquasec.com/nvd/cve-2026-18508,Package/version detected; specific vulnerable entry point and untrusted input reachability not demonstrated,DEPENDENCY_ALERTS.csv; SECURITY_DEPENDENCY_TRIAGE.md
SD-005,erp-security-discovery:b09c48e (debian 12.15),tar,1.34+dfsg-1.2+deb12u1,CVE-2026-5704,unknown,MEDIUM,affected,UNRESOLVED,OPEN,https://avd.aquasec.com/nvd/cve-2026-5704,Package/version detected; specific vulnerable entry point and untrusted input reachability not demonstrated,DEPENDENCY_ALERTS.csv; SECURITY_DEPENDENCY_TRIAGE.md
SD-005,erp-security-discovery:b09c48e (debian 12.15),tar,1.34+dfsg-1.2+deb12u1,CVE-2005-2541,unknown,LOW,affected,UNRESOLVED,OPEN,https://avd.aquasec.com/nvd/cve-2005-2541,Package/version detected; specific vulnerable entry point and untrusted input reachability not demonstrated,DEPENDENCY_ALERTS.csv; SECURITY_DEPENDENCY_TRIAGE.md
SD-005,erp-security-discovery:b09c48e (debian 12.15),tar,1.34+dfsg-1.2+deb12u1,TEMP-0290435-0B57B5,unknown,LOW,affected,UNRESOLVED,OPEN,https://security-tracker.debian.org/tracker/TEMP-0290435-0B57B5,Package/version detected; specific vulnerable entry point and untrusted input reachability not demonstrated,DEPENDENCY_ALERTS.csv; SECURITY_DEPENDENCY_TRIAGE.md
SD-005,erp-security-discovery:b09c48e (debian 12.15),tzdata,2026b-0+deb12u1,DLA-4792-1,2026c-0+deb12u1,UNKNOWN,fixed,UNRESOLVED,OPEN,,Package/version detected; specific vulnerable entry point and untrusted input reachability not demonstrated,DEPENDENCY_ALERTS.csv; SECURITY_DEPENDENCY_TRIAGE.md
SD-005,erp-security-discovery:b09c48e (debian 12.15),util-linux,2.38.1-5+deb12u3,CVE-2026-53613,unknown,HIGH,affected,UNRESOLVED,OPEN,https://avd.aquasec.com/nvd/cve-2026-53613,Package/version detected; specific vulnerable entry point and untrusted input reachability not demonstrated,DEPENDENCY_ALERTS.csv; SECURITY_DEPENDENCY_TRIAGE.md
SD-005,erp-security-discovery:b09c48e (debian 12.15),util-linux,2.38.1-5+deb12u3,CVE-2026-76642,unknown,HIGH,affected,UNRESOLVED,OPEN,https://avd.aquasec.com/nvd/cve-2026-76642,Package/version detected; specific vulnerable entry point and untrusted input reachability not demonstrated,DEPENDENCY_ALERTS.csv; SECURITY_DEPENDENCY_TRIAGE.md
SD-005,erp-security-discovery:b09c48e (debian 12.15),util-linux,2.38.1-5+deb12u3,CVE-2026-78408,unknown,HIGH,affected,UNRESOLVED,OPEN,https://avd.aquasec.com/nvd/cve-2026-78408,Package/version detected; specific vulnerable entry point and untrusted input reachability not demonstrated,DEPENDENCY_ALERTS.csv; SECURITY_DEPENDENCY_TRIAGE.md
SD-005,erp-security-discovery:b09c48e (debian 12.15),util-linux,2.38.1-5+deb12u3,CVE-2026-78409,unknown,HIGH,affected,UNRESOLVED,OPEN,https://avd.aquasec.com/nvd/cve-2026-78409,Package/version detected; specific vulnerable entry point and untrusted input reachability not demonstrated,DEPENDENCY_ALERTS.csv; SECURITY_DEPENDENCY_TRIAGE.md
SD-005,erp-security-discovery:b09c48e (debian 12.15),util-linux,2.38.1-5+deb12u3,CVE-2026-78410,unknown,HIGH,affected,UNRESOLVED,OPEN,https://avd.aquasec.com/nvd/cve-2026-78410,Package/version detected; specific vulnerable entry point and untrusted input reachability not demonstrated,DEPENDENCY_ALERTS.csv; SECURITY_DEPENDENCY_TRIAGE.md
SD-005,erp-security-discovery:b09c48e (debian 12.15),util-linux,2.38.1-5+deb12u3,CVE-2026-13595,unknown,MEDIUM,affected,UNRESOLVED,OPEN,https://avd.aquasec.com/nvd/cve-2026-13595,Package/version detected; specific vulnerable entry point and untrusted input reachability not demonstrated,DEPENDENCY_ALERTS.csv; SECURITY_DEPENDENCY_TRIAGE.md
SD-005,erp-security-discovery:b09c48e (debian 12.15),util-linux,2.38.1-5+deb12u3,CVE-2026-27456,unknown,MEDIUM,affected,UNRESOLVED,OPEN,https://avd.aquasec.com/nvd/cve-2026-27456,Package/version detected; specific vulnerable entry point and untrusted input reachability not demonstrated,DEPENDENCY_ALERTS.csv; SECURITY_DEPENDENCY_TRIAGE.md
SD-005,erp-security-discovery:b09c48e (debian 12.15),util-linux,2.38.1-5+deb12u3,CVE-2026-3184,unknown,MEDIUM,will_not_fix,UNRESOLVED,OPEN,https://avd.aquasec.com/nvd/cve-2026-3184,Package/version detected; specific vulnerable entry point and untrusted input reachability not demonstrated,DEPENDENCY_ALERTS.csv; SECURITY_DEPENDENCY_TRIAGE.md
SD-005,erp-security-discovery:b09c48e (debian 12.15),util-linux,2.38.1-5+deb12u3,CVE-2026-53615,unknown,MEDIUM,affected,UNRESOLVED,OPEN,https://avd.aquasec.com/nvd/cve-2026-53615,Package/version detected; specific vulnerable entry point and untrusted input reachability not demonstrated,DEPENDENCY_ALERTS.csv; SECURITY_DEPENDENCY_TRIAGE.md
SD-005,erp-security-discovery:b09c48e (debian 12.15),util-linux,2.38.1-5+deb12u3,CVE-2022-0563,unknown,LOW,affected,UNRESOLVED,OPEN,https://avd.aquasec.com/nvd/cve-2022-0563,Package/version detected; specific vulnerable entry point and untrusted input reachability not demonstrated,DEPENDENCY_ALERTS.csv; SECURITY_DEPENDENCY_TRIAGE.md
SD-005,erp-security-discovery:b09c48e (debian 12.15),util-linux,2.38.1-5+deb12u3,CVE-2025-14104,unknown,LOW,affected,UNRESOLVED,OPEN,https://avd.aquasec.com/nvd/cve-2025-14104,Package/version detected; specific vulnerable entry point and untrusted input reachability not demonstrated,DEPENDENCY_ALERTS.csv; SECURITY_DEPENDENCY_TRIAGE.md
SD-005,erp-security-discovery:b09c48e (debian 12.15),util-linux-extra,2.38.1-5+deb12u3,CVE-2026-53613,unknown,HIGH,affected,UNRESOLVED,OPEN,https://avd.aquasec.com/nvd/cve-2026-53613,Package/version detected; specific vulnerable entry point and untrusted input reachability not demonstrated,DEPENDENCY_ALERTS.csv; SECURITY_DEPENDENCY_TRIAGE.md
SD-005,erp-security-discovery:b09c48e (debian 12.15),util-linux-extra,2.38.1-5+deb12u3,CVE-2026-76642,unknown,HIGH,affected,UNRESOLVED,OPEN,https://avd.aquasec.com/nvd/cve-2026-76642,Package/version detected; specific vulnerable entry point and untrusted input reachability not demonstrated,DEPENDENCY_ALERTS.csv; SECURITY_DEPENDENCY_TRIAGE.md
SD-005,erp-security-discovery:b09c48e (debian 12.15),util-linux-extra,2.38.1-5+deb12u3,CVE-2026-78408,unknown,HIGH,affected,UNRESOLVED,OPEN,https://avd.aquasec.com/nvd/cve-2026-78408,Package/version detected; specific vulnerable entry point and untrusted input reachability not demonstrated,DEPENDENCY_ALERTS.csv; SECURITY_DEPENDENCY_TRIAGE.md
SD-005,erp-security-discovery:b09c48e (debian 12.15),util-linux-extra,2.38.1-5+deb12u3,CVE-2026-78409,unknown,HIGH,affected,UNRESOLVED,OPEN,https://avd.aquasec.com/nvd/cve-2026-78409,Package/version detected; specific vulnerable entry point and untrusted input reachability not demonstrated,DEPENDENCY_ALERTS.csv; SECURITY_DEPENDENCY_TRIAGE.md
SD-005,erp-security-discovery:b09c48e (debian 12.15),util-linux-extra,2.38.1-5+deb12u3,CVE-2026-78410,unknown,HIGH,affected,UNRESOLVED,OPEN,https://avd.aquasec.com/nvd/cve-2026-78410,Package/version detected; specific vulnerable entry point and untrusted input reachability not demonstrated,DEPENDENCY_ALERTS.csv; SECURITY_DEPENDENCY_TRIAGE.md
SD-005,erp-security-discovery:b09c48e (debian 12.15),util-linux-extra,2.38.1-5+deb12u3,CVE-2026-13595,unknown,MEDIUM,affected,UNRESOLVED,OPEN,https://avd.aquasec.com/nvd/cve-2026-13595,Package/version detected; specific vulnerable entry point and untrusted input reachability not demonstrated,DEPENDENCY_ALERTS.csv; SECURITY_DEPENDENCY_TRIAGE.md
SD-005,erp-security-discovery:b09c48e (debian 12.15),util-linux-extra,2.38.1-5+deb12u3,CVE-2026-27456,unknown,MEDIUM,affected,UNRESOLVED,OPEN,https://avd.aquasec.com/nvd/cve-2026-27456,Package/version detected; specific vulnerable entry point and untrusted input reachability not demonstrated,DEPENDENCY_ALERTS.csv; SECURITY_DEPENDENCY_TRIAGE.md
SD-005,erp-security-discovery:b09c48e (debian 12.15),util-linux-extra,2.38.1-5+deb12u3,CVE-2026-3184,unknown,MEDIUM,will_not_fix,UNRESOLVED,OPEN,https://avd.aquasec.com/nvd/cve-2026-3184,Package/version detected; specific vulnerable entry point and untrusted input reachability not demonstrated,DEPENDENCY_ALERTS.csv; SECURITY_DEPENDENCY_TRIAGE.md
SD-005,erp-security-discovery:b09c48e (debian 12.15),util-linux-extra,2.38.1-5+deb12u3,CVE-2026-53615,unknown,MEDIUM,affected,UNRESOLVED,OPEN,https://avd.aquasec.com/nvd/cve-2026-53615,Package/version detected; specific vulnerable entry point and untrusted input reachability not demonstrated,DEPENDENCY_ALERTS.csv; SECURITY_DEPENDENCY_TRIAGE.md
SD-005,erp-security-discovery:b09c48e (debian 12.15),util-linux-extra,2.38.1-5+deb12u3,CVE-2022-0563,unknown,LOW,affected,UNRESOLVED,OPEN,https://avd.aquasec.com/nvd/cve-2022-0563,Package/version detected; specific vulnerable entry point and untrusted input reachability not demonstrated,DEPENDENCY_ALERTS.csv; SECURITY_DEPENDENCY_TRIAGE.md
SD-005,erp-security-discovery:b09c48e (debian 12.15),util-linux-extra,2.38.1-5+deb12u3,CVE-2025-14104,unknown,LOW,affected,UNRESOLVED,OPEN,https://avd.aquasec.com/nvd/cve-2025-14104,Package/version detected; specific vulnerable entry point and untrusted input reachability not demonstrated,DEPENDENCY_ALERTS.csv; SECURITY_DEPENDENCY_TRIAGE.md
SD-005,erp-security-discovery:b09c48e (debian 12.15),zlib1g,1:1.2.13.dfsg-1,CVE-2023-45853,unknown,CRITICAL,will_not_fix,NOT_APPLICABLE,TRIAGED,https://avd.aquasec.com/nvd/cve-2023-45853,Debian bookworm zlib binary does not build contrib/minizip; no libminizip package in inspected image,DEPENDENCY_ALERTS.csv; SECURITY_DEPENDENCY_TRIAGE.md
SD-005,erp-security-discovery:b09c48e (debian 12.15),zlib1g,1:1.2.13.dfsg-1,CVE-2026-27171,unknown,MEDIUM,affected,UNRESOLVED,OPEN,https://avd.aquasec.com/nvd/cve-2026-27171,Package/version detected; specific vulnerable entry point and untrusted input reachability not demonstrated,DEPENDENCY_ALERTS.csv; SECURITY_DEPENDENCY_TRIAGE.md
SD-005,erp-security-discovery:b09c48e (debian 12.15),zlib1g,1:1.2.13.dfsg-1,CVE-2026-85091,unknown,MEDIUM,affected,UNRESOLVED,OPEN,https://avd.aquasec.com/nvd/cve-2026-85091,Package/version detected; specific vulnerable entry point and untrusted input reachability not demonstrated,DEPENDENCY_ALERTS.csv; SECURITY_DEPENDENCY_TRIAGE.md
SD-005,Python,msgpack,1.1.2,GHSA-6v7p-g79w-8964,1.2.1,HIGH,fixed,NOT_APPLICABLE,TRIAGED,https://github.com/advisories/GHSA-6v7p-g79w-8964,Inspected pip vendored msgpack uses Python fallback; vulnerable C extension absent; no ERP Unpacker use,DEPENDENCY_ALERTS.csv; SECURITY_DEPENDENCY_TRIAGE.md
SD-005,Python,setuptools,70.3.0,CVE-2025-47273,78.1.1,HIGH,fixed,NOT_APPLICABLE,TRIAGED,https://avd.aquasec.com/nvd/cve-2025-47273,No PackageIndex download or published sdist in reviewed serving/PyInstaller flow; vendored metadata is not top-level setuptools,DEPENDENCY_ALERTS.csv; SECURITY_DEPENDENCY_TRIAGE.md
SD-005,Python,setuptools,70.3.0,CVE-2026-59890,83.0.0,MEDIUM,fixed,NOT_APPLICABLE,TRIAGED,https://avd.aquasec.com/nvd/cve-2026-59890,No PackageIndex download or published sdist in reviewed serving/PyInstaller flow; vendored metadata is not top-level setuptools,DEPENDENCY_ALERTS.csv; SECURITY_DEPENDENCY_TRIAGE.md
SD-006,windows-build.lock,setuptools,80.9.0,CVE-2026-59890,83.0.0,not supplied,advisory match,NOT_APPLICABLE,TRIAGED,https://github.com/advisories/GHSA-h35f-9h28-mq5c,No PackageIndex download or published sdist in reviewed serving/PyInstaller flow; vendored metadata is not top-level setuptools,DEPENDENCY_ALERTS.csv; SECURITY_DEPENDENCY_TRIAGE.md
